student_id,school_type,grade,student_sex,지역
1,고등,3,미정,성남동
15,고등,3,미정,야탑2동
20,고등,3,미정,경기도
22,고등,1,미정,경기도
26,고등,2,미정,단대동
27,고등,2,미정,복정동
29,고등,2,미정,복정동
31,고등,2,미정,단대동
35,고등,2,미정,분당동
415,고등,2,남,경기도
416,고등,2,남,성남동
417,고등,2,남,성남동
418,고등,2,남,성남동
419,고등,2,남,성남동
420,고등,2,남,성남동
421,고등,2,남,성남동
422,고등,3,미정,야탑3동
425,고등,3,미정,야탑3동
427,고등,3,미정,야탑3동
434,고등,3,미정,야탑3동
438,고등,3,미정,야탑3동
485,고등,2,여,성남동
1289,고등,1,미정,분당동
1290,고등,2,미정,성남동
1292,고등,1,미정,금곡동
1595,고등,2,미정,복정동
1596,고등,2,미정,경기도
1597,고등,2,미정,경기도
1598,고등,2,미정,서울특별시
1599,고등,2,미정,성남동
1600,고등,2,미정,성남동
1601,고등,2,미정,신촌동
1615,고등,2,미정,금광2동
1616,고등,2,미정,성남동
1617,고등,2,미정,성남동
1618,고등,2,미정,위례동
1620,고등,3,미정,성남동
1621,고등,3,미정,성남동
1623,고등,3,미정,성남동
1626,고등,3,미정,성남동
1627,고등,3,미정,성남동
1628,고등,2,미정,성남동
1711,고등,2,미정,야탑3동
1713,고등,2,미정,야탑3동
1789,고등,2,미정,성남동
1790,고등,1,미정,금곡동
1795,고등,1,미정,성남동
1800,고등,1,미정,수내1동
1804,고등,2,미정,금곡동
1815,고등,2,미정,판교동
1816,고등,2,미정,성남동
3245,고등,1,미정,야탑1동
3246,고등,1,미정,야탑1동
3247,고등,1,미정,야탑1동
3248,고등,1,미정,야탑1동
3250,고등,1,미정,야탑1동
3275,고등,3,미정,성남동
3278,고등,2,미정,성남동
3281,고등,1,미정,금광2동
3284,고등,2,미정,야탑1동
3288,고등,1,미정,단대동
3300,고등,1,미정,신촌동
3303,고등,1,미정,신촌동
3304,고등,1,미정,신촌동
3305,고등,1,미정,신촌동
3306,고등,1,미정,신촌동
3307,고등,1,미정,신촌동
3308,고등,1,미정,신촌동
3310,고등,1,미정,신촌동
3311,고등,1,미정,신촌동
3312,고등,1,미정,신촌동
3313,고등,1,미정,신촌동
3314,고등,1,미정,신촌동
3340,고등,1,미정,신촌동
3341,고등,1,미정,신촌동
3342,고등,1,미정,신촌동
3343,고등,1,미정,신촌동
3344,고등,1,미정,신촌동
3345,고등,1,미정,신촌동
3346,고등,1,미정,신촌동
3347,고등,1,미정,신촌동
3348,고등,1,미정,신촌동
3349,고등,1,미정,신촌동
3350,고등,1,미정,신촌동
3351,고등,1,미정,신촌동
3352,고등,1,미정,신촌동
3353,고등,1,미정,신촌동
3354,고등,1,미정,신촌동
3355,고등,1,미정,신촌동
3356,고등,1,미정,신촌동
3357,고등,1,미정,신촌동
3358,고등,1,미정,신촌동
3359,고등,1,미정,신촌동
3361,고등,1,미정,신촌동
3362,고등,1,미정,신촌동
3363,고등,1,미정,신촌동
3364,고등,1,미정,신촌동
3365,고등,1,미정,신촌동
3366,고등,1,미정,신촌동
3367,고등,1,미정,신촌동
3368,고등,1,미정,신촌동
3369,고등,1,미정,신촌동
3370,고등,1,미정,신촌동
3371,고등,1,미정,신촌동
3372,고등,1,미정,신촌동
3373,고등,1,미정,신촌동
3374,고등,1,미정,신촌동
3375,고등,1,미정,신촌동
3376,고등,1,미정,신촌동
3377,고등,1,미정,신촌동
3378,고등,1,미정,신촌동
3382,고등,1,미정,신촌동
3383,고등,1,미정,신촌동
3384,고등,1,미정,신촌동
3385,고등,1,미정,신촌동
3386,고등,1,미정,신촌동
3387,고등,1,미정,신촌동
3388,고등,1,미정,신촌동
3389,고등,1,미정,신촌동
3390,고등,1,미정,신촌동
3391,고등,1,미정,신촌동
3392,고등,1,미정,신촌동
3393,고등,1,미정,신촌동
3394,고등,1,미정,신촌동
3395,고등,1,미정,신촌동
3396,고등,1,미정,신촌동
3397,고등,1,미정,신촌동
3408,고등,1,미정,신촌동
3409,고등,1,미정,신촌동
3410,고등,1,미정,신촌동
3411,고등,1,미정,신촌동
3412,고등,1,미정,신촌동
3413,고등,1,미정,신촌동
3414,고등,1,미정,신촌동
3415,고등,1,미정,신촌동
3416,고등,1,미정,신촌동
3417,고등,1,미정,신촌동
3418,고등,1,미정,신촌동
3419,고등,1,미정,신촌동
3420,고등,1,미정,신촌동
3421,고등,1,미정,신촌동
3424,고등,1,미정,신촌동
3425,고등,1,미정,신촌동
3426,고등,1,미정,신촌동
3427,고등,1,미정,신촌동
3428,고등,1,미정,신촌동
3429,고등,1,미정,신촌동
3430,고등,1,미정,신촌동
3431,고등,1,미정,신촌동
3444,고등,1,미정,신촌동
3445,고등,1,미정,신촌동
3446,고등,1,미정,신촌동
3447,고등,1,미정,신촌동
3448,고등,1,미정,신촌동
3449,고등,1,미정,신촌동
3450,고등,1,미정,신촌동
3451,고등,1,미정,신촌동
3452,고등,1,미정,신촌동
3453,고등,1,미정,신촌동
3454,고등,1,미정,신촌동
3455,고등,1,미정,신촌동
3456,고등,1,미정,신촌동
3457,고등,1,미정,신촌동
3458,고등,1,미정,신촌동
3459,고등,1,미정,신촌동
3460,고등,1,미정,신촌동
3464,고등,1,미정,신촌동
3466,고등,1,미정,신촌동
3467,고등,1,미정,신촌동
3468,고등,1,미정,신촌동
3469,고등,1,미정,신촌동
3470,고등,1,미정,신촌동
3471,고등,1,미정,신촌동
3472,고등,1,미정,신촌동
3473,고등,1,미정,신촌동
3474,고등,1,미정,신촌동
3475,고등,1,미정,신촌동
3476,고등,1,미정,신촌동
3477,고등,1,미정,신촌동
3478,고등,1,미정,신촌동
3479,고등,1,미정,신촌동
3480,고등,1,미정,신촌동
3481,고등,1,미정,신촌동
3482,고등,1,미정,신촌동
3483,고등,1,미정,신촌동
3484,고등,1,미정,신촌동
3485,고등,1,미정,신촌동
3486,고등,1,미정,신촌동
3487,고등,1,미정,신촌동
3488,고등,1,미정,신촌동
3489,고등,1,미정,신촌동
3490,고등,1,미정,신촌동
3491,고등,1,미정,신촌동
3492,고등,1,미정,신촌동
3493,고등,1,미정,신촌동
3494,고등,1,미정,신촌동
3495,고등,1,미정,신촌동
3496,고등,1,미정,신촌동
3497,고등,1,미정,신촌동
3498,고등,1,미정,신촌동
3499,고등,1,미정,신촌동
3500,고등,1,미정,신촌동
3501,고등,1,미정,신촌동
3502,고등,1,미정,신촌동
3503,고등,1,미정,신촌동
3911,고등,3,미정,금곡동
3913,고등,3,미정,이매1동
3914,고등,3,미정,이매1동
3918,고등,3,미정,분당동
3919,고등,3,미정,세종특별자치시
3921,고등,3,미정,경기도
3923,고등,3,미정,판교동
3924,고등,3,미정,백현동
3925,고등,3,미정,야탑2동
3926,고등,3,미정,야탑3동
4982,고등,3,미정,금곡동
4983,고등,3,미정,금곡동
4984,고등,3,미정,야탑3동
4985,고등,3,미정,야탑3동
4986,고등,3,미정,하대원동
4987,고등,3,미정,하대원동
4988,고등,3,미정,성남동
4989,고등,3,미정,성남동
4990,고등,3,미정,단대동
4991,고등,3,미정,단대동
4992,고등,3,미정,서현2동
4993,고등,3,미정,서현2동
5261,고등,3,미정,야탑3동
5262,고등,3,미정,서현1동
5263,고등,3,미정,야탑3동
5264,고등,3,미정,구미1동
5265,고등,3,미정,금곡동
5266,고등,3,미정,수내1동
5331,고등,1,미정,경기도
6156,고등,1,미정,금곡동
6157,고등,1,미정,금곡동
6158,고등,1,미정,금곡동
6159,고등,1,미정,금곡동
6160,고등,1,미정,금곡동
6186,고등,1,미정,금곡동
6187,고등,1,미정,금곡동
6188,고등,1,미정,금곡동
6189,고등,1,미정,금곡동
6190,고등,1,미정,금곡동
6216,고등,1,미정,금곡동
6217,고등,1,미정,금곡동
6218,고등,1,미정,금곡동
6219,고등,1,미정,금곡동
6220,고등,1,미정,금곡동
6246,고등,1,미정,금곡동
6247,고등,1,미정,금곡동
6248,고등,1,미정,금곡동
6249,고등,1,미정,금곡동
6250,고등,1,미정,금곡동
6276,고등,1,미정,금곡동
6277,고등,1,미정,금곡동
6278,고등,1,미정,금곡동
6279,고등,1,미정,금곡동
6280,고등,1,미정,금곡동
6306,고등,1,미정,금곡동
6307,고등,1,미정,금곡동
6308,고등,1,미정,금곡동
6309,고등,1,미정,금곡동
6310,고등,1,미정,금곡동
6336,고등,1,미정,금곡동
6337,고등,1,미정,금곡동
6338,고등,1,미정,금곡동
6339,고등,1,미정,금곡동
6340,고등,1,미정,금곡동
6366,고등,1,미정,금곡동
6367,고등,1,미정,금곡동
6368,고등,1,미정,금곡동
6369,고등,1,미정,금곡동
6396,고등,1,미정,금곡동
6397,고등,1,미정,금곡동
6398,고등,1,미정,금곡동
6399,고등,1,미정,금곡동
6400,고등,1,미정,금곡동
6401,고등,1,미정,금곡동
6426,고등,1,미정,금곡동
6427,고등,1,미정,금곡동
6428,고등,1,미정,금곡동
6429,고등,1,미정,금곡동
6430,고등,1,미정,금곡동
6431,고등,1,미정,금곡동
6456,고등,1,미정,금곡동
6457,고등,1,미정,금곡동
6458,고등,1,미정,금곡동
6459,고등,1,미정,금곡동
6462,고등,1,미정,금곡동
6463,고등,1,미정,금곡동
6465,고등,1,미정,금곡동
6467,고등,1,미정,금곡동
6470,고등,1,미정,금곡동
6471,고등,1,미정,금곡동
6474,고등,1,미정,금곡동
6475,고등,1,미정,금곡동
6476,고등,1,미정,금곡동
6494,고등,1,미정,금곡동
6498,고등,1,미정,금곡동
6499,고등,1,미정,금곡동
6500,고등,1,미정,금곡동
6501,고등,1,미정,금곡동
6502,고등,1,미정,금곡동
6503,고등,1,미정,금곡동
6504,고등,1,미정,금곡동
6556,고등,1,미정,정자3동
6557,고등,1,미정,정자3동
6558,고등,2,미정,정자3동
6559,고등,1,미정,수내1동
6560,고등,2,미정,수내1동
6561,고등,2,미정,야탑3동
6562,고등,1,미정,이매1동
6563,고등,1,미정,분당동
6567,고등,2,미정,구미1동
6571,고등,2,미정,경기도
6665,고등,3,미정,단대동
6668,고등,2,미정,금광2동
6670,고등,2,미정,성남동
6673,고등,2,미정,성남동
6674,고등,1,미정,성남동
6675,고등,1,미정,성남동
6676,고등,1,미정,성남동
6679,고등,3,미정,성남동
6721,고등,2,미정,단대동
6722,고등,2,미정,복정동
6723,고등,2,미정,복정동
6726,고등,2,미정,야탑3동
6727,고등,2,미정,단대동
6728,고등,2,미정,단대동
6729,고등,2,미정,성남동
6733,고등,3,미정,분당동
6736,고등,3,미정,분당동
6744,고등,3,미정,금광2동
6825,고등,2,미정,경기도
6826,고등,2,미정,야탑3동
6959,고등,2,미정,금곡동
6960,고등,2,미정,금곡동
6961,고등,2,미정,금곡동
6962,고등,2,미정,금곡동
6963,고등,2,미정,금곡동
6964,고등,2,미정,금곡동
6965,고등,2,미정,금곡동
6966,고등,2,미정,금곡동
6967,고등,2,미정,금곡동
6968,고등,2,미정,금곡동
6983,고등,2,미정,금곡동
6984,고등,2,미정,금곡동
6985,고등,2,미정,금곡동
6986,고등,2,미정,금곡동
6987,고등,2,미정,금곡동
6988,고등,2,미정,금곡동
6989,고등,2,미정,금곡동
6990,고등,2,미정,금곡동
6991,고등,2,미정,금곡동
6992,고등,2,미정,금곡동
6993,고등,2,미정,금곡동
6994,고등,2,미정,금곡동
6995,고등,2,미정,금곡동
6996,고등,2,미정,금곡동
6997,고등,2,미정,금곡동
6998,고등,2,미정,금곡동
7019,고등,2,미정,금곡동
7020,고등,2,미정,금곡동
7021,고등,2,미정,금곡동
7022,고등,2,미정,금곡동
7023,고등,2,미정,금곡동
7024,고등,2,미정,금곡동
7025,고등,2,미정,금곡동
7026,고등,2,미정,금곡동
7027,고등,2,미정,금곡동
7028,고등,2,미정,금곡동
7049,고등,2,미정,금곡동
7050,고등,2,미정,금곡동
7051,고등,2,미정,금곡동
7052,고등,2,미정,금곡동
7053,고등,2,미정,금곡동
7054,고등,2,미정,금곡동
7055,고등,2,미정,금곡동
7056,고등,2,미정,금곡동
7057,고등,2,미정,금곡동
7058,고등,2,미정,금곡동
7059,고등,2,미정,금곡동
7060,고등,2,미정,금곡동
7061,고등,2,미정,금곡동
7062,고등,2,미정,금곡동
7079,고등,2,미정,금곡동
7080,고등,2,미정,금곡동
7081,고등,2,미정,금곡동
7082,고등,2,미정,금곡동
7083,고등,2,미정,금곡동
7084,고등,2,미정,금곡동
7109,고등,2,미정,금곡동
7110,고등,2,미정,금곡동
7111,고등,2,미정,금곡동
7112,고등,2,미정,금곡동
7113,고등,2,미정,금곡동
7114,고등,2,미정,금곡동
7115,고등,2,미정,금곡동
7116,고등,2,미정,금곡동
7117,고등,2,미정,금곡동
7118,고등,2,미정,금곡동
7139,고등,2,미정,금곡동
7140,고등,2,미정,금곡동
7141,고등,2,미정,금곡동
7142,고등,2,미정,금곡동
7143,고등,2,미정,금곡동
7151,고등,2,미정,금곡동
7152,고등,2,미정,금곡동
7169,고등,2,미정,금곡동
7170,고등,2,미정,금곡동
7171,고등,2,미정,금곡동
7172,고등,2,미정,금곡동
7173,고등,2,미정,금곡동
7174,고등,2,미정,금곡동
7175,고등,2,미정,금곡동
7178,고등,2,미정,금곡동
7183,고등,2,미정,금곡동
7184,고등,2,미정,금곡동
7185,고등,2,미정,금곡동
7186,고등,2,미정,금곡동
7187,고등,2,미정,금곡동
7188,고등,2,미정,금곡동
7190,고등,2,미정,금곡동
7191,고등,2,미정,금곡동
7199,고등,2,미정,금곡동
7200,고등,2,미정,금곡동
7201,고등,2,미정,금곡동
7202,고등,2,미정,금곡동
7203,고등,2,미정,금곡동
7204,고등,2,미정,금곡동
7205,고등,2,미정,금곡동
7206,고등,2,미정,금곡동
7207,고등,2,미정,금곡동
7208,고등,2,미정,금곡동
7209,고등,2,미정,금곡동
7210,고등,2,미정,금곡동
7231,고등,2,미정,금곡동
7232,고등,2,미정,금곡동
7234,고등,2,미정,금곡동
7237,고등,2,미정,금곡동
7238,고등,2,미정,금곡동
7240,고등,2,미정,금곡동
7241,고등,2,미정,금곡동
7242,고등,2,미정,금곡동
7243,고등,2,미정,금곡동
7259,고등,2,미정,금곡동
7260,고등,2,미정,금곡동
7261,고등,2,미정,금곡동
7262,고등,2,미정,금곡동
7263,고등,2,미정,금곡동
7264,고등,2,미정,금곡동
7265,고등,2,미정,금곡동
7266,고등,2,미정,금곡동
7267,고등,2,미정,금곡동
7268,고등,2,미정,금곡동
7289,고등,2,미정,금곡동
7290,고등,2,미정,금곡동
7291,고등,2,미정,금곡동
7292,고등,2,미정,금곡동
7293,고등,2,미정,금곡동
7294,고등,2,미정,금곡동
8682,고등,2,여,경기도
8683,고등,3,여,성남동
8684,고등,2,여,성남동
8686,고등,2,남,성남동
8687,고등,2,여,경기도
8692,고등,2,여,성남동
8710,고등,1,미정,경기도
8711,고등,1,미정,경기도
8712,고등,1,미정,경기도
8713,고등,2,미정,금광2동
8718,고등,2,미정,성남동
9115,고등,1,미정,야탑1동
9206,고등,1,미정,성남동
9207,고등,1,미정,성남동
9208,고등,1,미정,성남동
9209,고등,1,미정,성남동
9210,고등,1,미정,성남동
9211,고등,1,미정,성남동
9212,고등,1,미정,성남동
9213,고등,1,미정,성남동
9214,고등,1,미정,성남동
9215,고등,1,미정,성남동
9226,고등,1,미정,성남동
9227,고등,1,미정,성남동
9228,고등,1,미정,성남동
9229,고등,1,미정,성남동
9230,고등,1,미정,성남동
9231,고등,1,미정,성남동
9232,고등,1,미정,성남동
9233,고등,1,미정,성남동
9234,고등,1,미정,성남동
9235,고등,1,미정,성남동
9236,고등,1,미정,성남동
9237,고등,1,미정,성남동
9238,고등,1,미정,성남동
9239,고등,1,미정,성남동
9240,고등,1,미정,성남동
9241,고등,1,미정,성남동
9242,고등,1,미정,성남동
9326,고등,1,미정,성남동
9327,고등,1,미정,성남동
9328,고등,1,미정,성남동
9329,고등,1,미정,성남동
9330,고등,1,미정,성남동
9331,고등,1,미정,성남동
9332,고등,1,미정,성남동
9333,고등,1,미정,성남동
9334,고등,1,미정,성남동
9335,고등,1,미정,성남동
9336,고등,1,미정,성남동
9337,고등,1,미정,성남동
9338,고등,1,미정,성남동
9339,고등,1,미정,성남동
9340,고등,1,미정,성남동
9386,고등,1,미정,성남동
9387,고등,1,미정,성남동
9388,고등,1,미정,성남동
9389,고등,1,미정,성남동
9390,고등,1,미정,성남동
9391,고등,1,미정,성남동
9392,고등,1,미정,성남동
9393,고등,1,미정,성남동
9394,고등,1,미정,성남동
9395,고등,1,미정,성남동
9416,고등,1,미정,성남동
9417,고등,1,미정,성남동
9418,고등,1,미정,성남동
9419,고등,1,미정,성남동
9420,고등,1,미정,성남동
9421,고등,1,미정,성남동
9422,고등,1,미정,성남동
9424,고등,1,미정,성남동
9425,고등,1,미정,성남동
9426,고등,1,미정,성남동
9427,고등,1,미정,성남동
9428,고등,1,미정,성남동
9446,고등,1,미정,성남동
9447,고등,1,미정,성남동
9448,고등,1,미정,성남동
9449,고등,1,미정,성남동
9450,고등,1,미정,성남동
9451,고등,1,미정,성남동
9452,고등,1,미정,성남동
9456,고등,1,미정,성남동
9457,고등,1,미정,성남동
9458,고등,1,미정,성남동
9459,고등,1,미정,성남동
9460,고등,1,미정,성남동
9461,고등,1,미정,성남동
9566,고등,1,미정,성남동
9567,고등,1,미정,성남동
9568,고등,1,미정,성남동
9569,고등,1,미정,성남동
9570,고등,1,미정,성남동
9571,고등,1,미정,성남동
9572,고등,1,미정,성남동
9573,고등,1,미정,성남동
9574,고등,1,미정,성남동
9575,고등,1,미정,성남동
9596,고등,1,미정,성남동
9597,고등,1,미정,성남동
9598,고등,1,미정,성남동
9599,고등,1,미정,성남동
9600,고등,1,미정,성남동
9601,고등,1,미정,성남동
9602,고등,1,미정,성남동
9603,고등,1,미정,성남동
9605,고등,1,미정,성남동
9606,고등,1,미정,성남동
9607,고등,1,미정,성남동
9608,고등,1,미정,성남동
9609,고등,1,미정,성남동
9610,고등,1,미정,성남동
9626,고등,1,미정,성남동
9627,고등,1,미정,성남동
9628,고등,1,미정,성남동
9629,고등,1,미정,성남동
9630,고등,1,미정,성남동
9631,고등,1,미정,성남동
9632,고등,1,미정,성남동
9633,고등,1,미정,성남동
9634,고등,1,미정,성남동
9635,고등,1,미정,성남동
9636,고등,1,미정,성남동
9637,고등,1,미정,성남동
9656,고등,1,미정,성남동
9657,고등,1,미정,성남동
9658,고등,1,미정,성남동
9659,고등,1,미정,성남동
9660,고등,1,미정,성남동
9661,고등,1,미정,성남동
9662,고등,1,미정,성남동
9663,고등,1,미정,성남동
9664,고등,1,미정,성남동
9665,고등,1,미정,성남동
9667,고등,1,미정,성남동
9668,고등,1,미정,성남동
9671,고등,1,미정,성남동
9672,고등,1,미정,성남동
9673,고등,1,미정,성남동
9674,고등,1,미정,성남동
9675,고등,1,미정,성남동
9676,고등,1,미정,성남동
9686,고등,1,미정,성남동
9687,고등,1,미정,성남동
9688,고등,1,미정,성남동
9689,고등,1,미정,성남동
9690,고등,1,미정,성남동
9691,고등,1,미정,성남동
9692,고등,1,미정,성남동
9693,고등,1,미정,성남동
9694,고등,1,미정,성남동
9695,고등,1,미정,성남동
9696,고등,1,미정,성남동
9697,고등,1,미정,성남동
9698,고등,1,미정,성남동
9699,고등,1,미정,성남동
9700,고등,1,미정,성남동
9701,고등,1,미정,성남동
9702,고등,1,미정,성남동
9703,고등,1,미정,성남동
9704,고등,1,미정,성남동
9705,고등,1,미정,성남동
9706,고등,1,미정,성남동
9716,고등,1,미정,성남동
9717,고등,1,미정,성남동
9718,고등,1,미정,성남동
9719,고등,1,미정,성남동
9720,고등,1,미정,성남동
9721,고등,1,미정,성남동
9722,고등,1,미정,성남동
9723,고등,1,미정,성남동
9724,고등,1,미정,성남동
9725,고등,1,미정,성남동
9726,고등,1,미정,성남동
9727,고등,1,미정,성남동
9728,고등,1,미정,성남동
9729,고등,1,미정,성남동
9730,고등,1,미정,성남동
9731,고등,1,미정,성남동
9732,고등,1,미정,성남동
9746,고등,1,미정,성남동
9747,고등,1,미정,성남동
9748,고등,1,미정,성남동
9749,고등,1,미정,성남동
9750,고등,1,미정,성남동
9751,고등,1,미정,성남동
9752,고등,1,미정,성남동
9753,고등,1,미정,성남동
9754,고등,1,미정,성남동
9755,고등,1,미정,성남동
9756,고등,1,미정,성남동
9757,고등,1,미정,성남동
9758,고등,1,미정,성남동
9759,고등,1,미정,성남동
9760,고등,1,미정,성남동
9761,고등,1,미정,성남동
9762,고등,1,미정,성남동
9776,고등,1,미정,성남동
9777,고등,1,미정,성남동
9778,고등,1,미정,성남동
9779,고등,1,미정,성남동
9780,고등,1,미정,성남동
9783,고등,1,미정,성남동
9784,고등,1,미정,성남동
9785,고등,1,미정,성남동
9786,고등,1,미정,성남동
9787,고등,1,미정,성남동
9788,고등,1,미정,성남동
9806,고등,1,미정,성남동
9807,고등,1,미정,성남동
9808,고등,1,미정,성남동
9809,고등,1,미정,성남동
9810,고등,1,미정,성남동
9895,고등,2,미정,야탑2동
9896,고등,2,미정,판교동
9897,고등,2,미정,판교동
9898,고등,2,미정,경기도
9899,고등,1,미정,복정동
9900,고등,2,미정,판교동
9901,고등,2,미정,경기도
9902,고등,2,미정,경기도
9905,고등,2,미정,야탑3동
9907,고등,2,미정,서현2동
9911,고등,3,미정,수내1동
9912,고등,2,미정,수내1동
9913,고등,3,미정,분당동
9914,고등,2,미정,서현2동
10138,고등,2,미정,경기도
10140,고등,2,미정,경기도
10410,고등,1,남,서울특별시
10411,고등,1,남,서울특별시
10412,고등,2,남,서울특별시
10413,고등,2,남,서울특별시
10414,고등,2,남,서울특별시
10557,고등,2,남,서울특별시
10561,고등,2,남,서울특별시
10563,고등,2,여,서울특별시
10564,고등,2,여,서울특별시
10565,고등,2,여,서울특별시
10568,고등,2,여,서울특별시
11066,고등,2,미정,신촌동
11067,고등,2,미정,성남동
11068,고등,2,미정,서울특별시
11082,고등,2,미정,판교동
11083,고등,2,미정,판교동
11084,고등,2,미정,분당동
11087,고등,2,미정,야탑3동
11088,고등,2,미정,야탑3동
11089,고등,2,미정,야탑3동
11090,고등,2,미정,판교동
11091,고등,2,미정,서현1동
11093,고등,2,미정,서현1동
11094,고등,2,미정,서현1동
11096,고등,2,미정,서현1동
11098,고등,2,미정,서현1동
11099,고등,1,미정,야탑3동
11100,고등,1,미정,야탑3동
11101,고등,1,미정,야탑3동
11102,고등,1,미정,야탑3동
11103,고등,1,미정,경기도
11104,고등,3,미정,경기도
11105,고등,3,미정,경기도
11110,고등,1,미정,야탑3동
11111,고등,1,미정,야탑3동
11113,고등,1,미정,경기도
11299,고등,2,남,서울특별시
11300,고등,2,남,서울특별시
11301,고등,2,남,서울특별시
11302,고등,2,남,서울특별시
11303,고등,2,여,서울특별시
11304,고등,2,여,서울특별시
11572,고등,1,남,충청북도
11573,고등,1,남,충청북도
11574,고등,1,여,충청북도
11575,고등,1,여,충청북도
11747,고등,3,미정,경기도
11886,고등,3,여,충청북도
11915,고등,1,여,광주광역시
11916,고등,1,여,광주광역시
11917,고등,1,남,광주광역시
11918,고등,1,여,광주광역시
11919,고등,1,여,광주광역시
11998,고등,1,미정,하대원동
11999,고등,2,미정,하대원동
12000,고등,2,미정,하대원동
12006,고등,1,미정,신촌동
12007,고등,1,미정,신촌동
12008,고등,1,미정,신촌동
12009,고등,2,미정,신촌동
12010,고등,2,미정,신촌동
12011,고등,2,미정,신촌동
12012,고등,3,미정,신촌동
12013,고등,3,미정,신촌동
12014,고등,3,미정,신촌동
12015,고등,1,미정,신촌동
12016,고등,2,미정,신촌동
12028,고등,1,미정,경기도
12032,고등,2,미정,단대동
12033,고등,2,미정,복정동
12035,고등,2,미정,복정동
12037,고등,2,미정,단대동
12041,고등,2,미정,분당동
12042,고등,2,미정,서현2동
12340,고등,1,미정,경기도
12341,고등,1,미정,경기도
12342,고등,1,미정,경기도
12343,고등,1,미정,경기도
12344,고등,1,미정,경기도
12345,고등,1,미정,경기도
12346,고등,1,미정,경기도
12347,고등,1,미정,경기도
12348,고등,1,미정,경기도
12349,고등,1,미정,경기도
13263,고등,2,미정,신촌동
13269,고등,2,미정,판교동
13270,고등,3,미정,양지동
13273,고등,3,미정,양지동
13745,고등,1,남,강원도
13747,고등,1,여,강원도
13750,고등,1,여,강원도
13955,고등,1,미정,금곡동
13956,고등,1,미정,금곡동
13957,고등,1,미정,금곡동
13958,고등,1,미정,금곡동
13959,고등,1,미정,금곡동
13990,고등,2,미정,금곡동
13991,고등,2,미정,금곡동
13992,고등,2,미정,금곡동
13993,고등,2,미정,금곡동
13994,고등,2,미정,금곡동
14095,고등,1,미정,하대원동
14096,고등,3,미정,하대원동
14097,고등,1,미정,하대원동
14098,고등,2,미정,하대원동
14099,고등,3,미정,하대원동
14140,고등,1,미정,신촌동
14141,고등,1,미정,신촌동
14142,고등,1,미정,신촌동
14143,고등,1,미정,신촌동
14144,고등,1,미정,신촌동
14589,고등,1,미정,서현2동
14590,고등,1,미정,서현2동
14591,고등,1,미정,서현2동
14592,고등,1,미정,서현2동
14593,고등,1,미정,서현2동
14594,고등,1,미정,서현2동
14595,고등,1,미정,서현2동
14596,고등,1,미정,서현2동
14597,고등,1,미정,서현2동
14599,고등,1,미정,서현2동
14600,고등,1,미정,서현2동
14601,고등,1,미정,서현2동
14602,고등,1,미정,서현2동
14603,고등,1,미정,서현2동
14604,고등,1,미정,서현2동
14962,고등,1,여,광주광역시
14963,고등,1,여,광주광역시
14964,고등,1,여,광주광역시
14965,고등,1,여,광주광역시
14966,고등,1,남,광주광역시
15014,고등,1,미정,정자1동
15015,고등,2,미정,정자1동
15016,고등,3,미정,정자1동
15054,고등,1,미정,야탑3동
15055,고등,2,미정,야탑3동
15056,고등,3,미정,야탑3동
15064,고등,1,미정,하대원동
15065,고등,2,미정,하대원동
15066,고등,3,미정,하대원동
15190,고등,1,남,경기도
15191,고등,1,남,경기도
15192,고등,1,남,경기도
15193,고등,1,남,경기도
15194,고등,1,남,경기도
15202,고등,1,남,광주광역시
15671,고등,3,미정,양지동
15672,고등,2,미정,양지동
15673,고등,1,미정,양지동
15679,고등,1,남,경기도
15680,고등,1,남,경기도
15681,고등,1,남,경기도
15682,고등,1,남,경기도
15683,고등,1,남,경기도
15684,고등,1,남,경기도
15690,고등,1,남,경기도
15691,고등,1,남,경기도
15692,고등,1,남,경기도
15693,고등,1,남,경기도
15709,고등,1,남,광주광역시
15717,고등,1,남,광주광역시
15718,고등,1,남,광주광역시
15719,고등,1,남,광주광역시
15840,고등,2,미정,양지동
15842,고등,1,미정,양지동
16028,고등,3,미정,양지동
16029,고등,3,미정,양지동
16344,고등,3,미정,야탑3동
16345,고등,3,미정,야탑3동
16346,고등,3,미정,야탑3동
16347,고등,3,미정,야탑3동
16348,고등,3,미정,야탑3동
16349,고등,3,미정,야탑3동
16350,고등,3,미정,야탑3동
16351,고등,3,미정,야탑3동
16352,고등,3,미정,야탑3동
16353,고등,3,미정,야탑3동
16354,고등,3,미정,야탑3동
16355,고등,3,미정,야탑3동
16356,고등,3,미정,야탑3동
16357,고등,3,미정,야탑3동
16358,고등,3,미정,야탑3동
16359,고등,3,미정,야탑3동
16360,고등,3,미정,야탑3동
16361,고등,3,미정,야탑3동
16362,고등,3,미정,야탑3동
16363,고등,3,미정,야탑3동
16419,고등,1,여,강원도
16420,고등,1,여,강원도
16421,고등,1,여,강원도
16427,고등,1,여,야탑1동
16428,고등,1,여,강원도
16429,고등,1,여,강원도
16657,고등,1,남,경기도
16658,고등,1,남,경기도
16659,고등,1,여,경기도
16660,고등,1,여,경기도
16661,고등,1,남,경기도
16662,고등,1,남,경기도
16663,고등,1,남,경기도
16664,고등,1,남,경기도
16665,고등,1,남,경기도
16666,고등,1,남,경기도
16682,고등,1,남,경기도
16683,고등,1,남,경기도
16684,고등,1,여,경기도
16685,고등,1,여,경기도
16686,고등,1,남,경기도
16687,고등,1,여,경기도
16688,고등,1,여,경기도
16689,고등,1,남,경기도
16690,고등,1,여,경기도
16691,고등,1,여,경기도
16692,고등,1,남,경기도
16693,고등,1,남,경기도
16694,고등,1,남,경기도
16695,고등,1,남,경기도
16696,고등,1,남,경기도
16717,고등,1,여,경기도
16718,고등,1,여,경기도
16719,고등,1,여,경기도
16720,고등,1,남,경기도
16721,고등,1,남,경기도
16798,고등,3,미정,경기도
16800,고등,3,미정,경기도
16802,고등,3,미정,경기도
16804,고등,3,미정,경기도
17175,고등,1,남,광주광역시
17176,고등,1,남,광주광역시
17177,고등,1,남,광주광역시
17178,고등,1,남,광주광역시
17179,고등,1,남,광주광역시
17196,고등,1,미정,성남동
17213,고등,3,미정,경기도
17215,고등,2,미정,성남동
17216,고등,1,미정,성남동
17256,고등,3,여,정자동
18295,고등,2,미정,단대동
18296,고등,2,미정,단대동
18297,고등,2,미정,금광2동
18312,고등,2,여,서울특별시
19462,고등,1,여,경기도
19463,고등,1,남,경기도
19464,고등,1,남,경기도
19465,고등,1,남,경기도
19466,고등,1,여,경기도
19467,고등,1,남,경기도
19468,고등,1,남,경기도
19469,고등,1,남,경기도
19470,고등,1,남,경기도
19471,고등,1,남,경기도
19472,고등,1,남,경기도
19473,고등,1,남,경기도
19474,고등,1,남,경기도
19475,고등,1,남,경기도
19476,고등,1,남,경기도
20097,고등,1,여,강원도
20098,고등,1,여,강원도
20099,고등,1,여,강원도
20100,고등,1,여,강원도
20101,고등,1,여,강원도
20102,고등,1,여,강원도
20103,고등,1,여,강원도
20104,고등,1,여,강원도
20105,고등,1,여,강원도
20106,고등,1,남,강원도
20297,고등,1,남,강원도
20298,고등,1,남,강원도
20299,고등,1,남,강원도
20300,고등,1,여,강원도
20301,고등,1,여,강원도
20302,고등,1,남,강원도
20532,고등,1,여,경기도
20533,고등,1,남,경기도
20534,고등,1,남,경기도
20535,고등,1,남,경기도
20536,고등,1,여,경기도
20537,고등,1,남,경기도
20538,고등,1,남,경기도
20539,고등,1,남,경기도
20540,고등,1,남,경기도
20541,고등,1,남,경기도
20711,고등,1,여,광주광역시
20712,고등,1,여,광주광역시
20713,고등,1,여,광주광역시
20714,고등,1,여,광주광역시
20715,고등,1,여,광주광역시
27225,고등,2,미정,야탑2동
27226,고등,2,미정,판교동
27227,고등,2,미정,판교동
27228,고등,2,미정,경기도
28924,고등,2,미정,서현2동
28925,고등,2,미정,서현2동
28926,고등,2,미정,서현2동
29151,고등,3,미정,정자1동
29152,고등,3,미정,정자1동
29153,고등,3,미정,정자1동
29154,고등,3,미정,정자1동
29155,고등,3,미정,정자1동
29264,고등,2,남,성남동
29265,고등,1,여,금곡동
29270,고등,1,여,성남동
29279,고등,2,남,금곡동
29290,고등,2,여,판교동
29291,고등,2,여,성남동
29318,고등,1,남,경기도
29319,고등,1,여,경기도
29320,고등,1,남,경기도
29321,고등,1,남,경기도
29322,고등,1,여,경기도
29610,고등,1,남,경기도
29611,고등,1,남,경기도
29612,고등,1,여,경기도
29613,고등,1,여,경기도
29614,고등,1,남,경기도
29615,고등,3,미정,하대원동
29616,고등,3,미정,하대원동
30517,고등,1,남,강원도
30520,고등,1,여,강원도
30522,고등,1,남,강원도
30523,고등,1,남,강원도
30686,고등,1,미정,하대원동
30687,고등,2,미정,하대원동
30688,고등,2,미정,하대원동
30689,고등,3,미정,하대원동
30690,고등,3,미정,하대원동
30862,고등,1,남,경기도
30863,고등,1,남,경기도
30864,고등,1,남,경기도
30865,고등,1,남,경기도
30866,고등,1,남,경기도
30867,고등,2,미정,복정동
30868,고등,2,미정,경기도
30869,고등,2,미정,서울특별시
30870,고등,2,미정,성남동
30871,고등,2,미정,성남동
30872,고등,2,미정,신촌동
30873,고등,2,미정,성남동
30874,고등,3,미정,이매1동
30875,고등,3,미정,경기도
30876,고등,3,미정,금곡동
30877,고등,3,미정,금곡동
30878,고등,3,미정,야탑3동
30879,고등,3,미정,야탑3동
30880,고등,3,미정,하대원동
30881,고등,3,미정,하대원동
30882,고등,3,미정,성남동
30883,고등,3,미정,성남동
30884,고등,3,미정,단대동
30885,고등,3,미정,단대동
30886,고등,3,미정,서현2동
30887,고등,3,미정,서현2동
30888,고등,3,미정,서현1동
30889,고등,3,미정,금곡동
30890,고등,1,미정,금곡동
30891,고등,1,미정,금곡동
30892,고등,1,미정,금곡동
30893,고등,1,미정,금곡동
30894,고등,1,미정,금곡동
30895,고등,1,미정,금곡동
30896,고등,1,미정,금곡동
30897,고등,1,미정,금곡동
30898,고등,1,미정,금곡동
30899,고등,1,미정,금곡동
30900,고등,1,미정,금곡동
30901,고등,1,미정,금곡동
30902,고등,1,미정,금곡동
30903,고등,1,미정,금곡동
30904,고등,1,미정,금곡동
30905,고등,1,미정,금곡동
30906,고등,1,미정,금곡동
30907,고등,1,미정,금곡동
30908,고등,1,미정,금곡동
30909,고등,1,미정,금곡동
30910,고등,1,미정,금곡동
30911,고등,1,미정,금곡동
30912,고등,1,미정,금곡동
30913,고등,1,미정,금곡동
30914,고등,1,미정,금곡동
30915,고등,1,미정,금곡동
30916,고등,1,미정,금곡동
30917,고등,1,미정,금곡동
30918,고등,1,미정,금곡동
30919,고등,1,미정,금곡동
30920,고등,1,미정,금곡동
30921,고등,1,미정,금곡동
30922,고등,1,미정,금곡동
30923,고등,1,미정,금곡동
30924,고등,1,미정,금곡동
30925,고등,1,미정,금곡동
30926,고등,1,미정,금곡동
30927,고등,1,미정,금곡동
30928,고등,1,미정,금곡동
30929,고등,1,미정,금곡동
30930,고등,1,미정,금곡동
30931,고등,1,미정,금곡동
30932,고등,1,미정,금곡동
30933,고등,1,미정,금곡동
30934,고등,1,미정,금곡동
30935,고등,1,미정,금곡동
30936,고등,1,미정,금곡동
30937,고등,1,미정,금곡동
30938,고등,1,미정,금곡동
30939,고등,1,미정,금곡동
30940,고등,1,미정,금곡동
30941,고등,1,미정,금곡동
30942,고등,1,미정,금곡동
30943,고등,1,미정,금곡동
30944,고등,1,미정,금곡동
30945,고등,1,미정,금곡동
30946,고등,1,미정,금곡동
30947,고등,1,미정,금곡동
30948,고등,1,미정,금곡동
30949,고등,1,미정,금곡동
30950,고등,1,미정,금곡동
30951,고등,1,미정,금곡동
30952,고등,1,미정,금곡동
30953,고등,1,미정,금곡동
30954,고등,1,미정,금곡동
30955,고등,1,미정,정자3동
30956,고등,2,미정,정자3동
30957,고등,1,미정,수내1동
30958,고등,2,미정,수내1동
30959,고등,1,미정,이매1동
30960,고등,2,미정,경기도
30961,고등,3,미정,성남동
30962,고등,2,미정,단대동
30963,고등,2,미정,복정동
30964,고등,2,미정,복정동
30965,고등,2,미정,야탑3동
30966,고등,2,미정,성남동
30967,고등,3,미정,분당동
30968,고등,2,미정,경기도
30969,고등,2,미정,야탑3동
30970,고등,2,미정,금곡동
30971,고등,2,미정,금곡동
30972,고등,2,미정,금곡동
30973,고등,2,미정,금곡동
30974,고등,2,미정,금곡동
30975,고등,2,미정,금곡동
30976,고등,2,미정,금곡동
30977,고등,2,미정,금곡동
30978,고등,2,미정,금곡동
30979,고등,2,미정,금곡동
30980,고등,2,미정,금곡동
30981,고등,2,미정,금곡동
30982,고등,2,미정,금곡동
30983,고등,2,미정,금곡동
30984,고등,2,미정,금곡동
30985,고등,2,미정,금곡동
30986,고등,2,미정,금곡동
30987,고등,2,미정,금곡동
30988,고등,2,미정,금곡동
30989,고등,2,미정,금곡동
30990,고등,2,미정,금곡동
30991,고등,2,미정,금곡동
30992,고등,2,미정,금곡동
30993,고등,2,미정,금곡동
30994,고등,2,미정,금곡동
30995,고등,2,미정,금곡동
30996,고등,2,미정,금곡동
30997,고등,2,미정,금곡동
30998,고등,2,미정,금곡동
30999,고등,2,미정,금곡동
31000,고등,2,미정,금곡동
31001,고등,2,미정,금곡동
31002,고등,2,미정,금곡동
31003,고등,2,미정,금곡동
31004,고등,2,미정,금곡동
31005,고등,2,미정,금곡동
31006,고등,2,미정,금곡동
31007,고등,2,미정,금곡동
31008,고등,2,미정,금곡동
31009,고등,2,미정,금곡동
31010,고등,2,미정,금곡동
31011,고등,2,미정,금곡동
31012,고등,2,미정,금곡동
31013,고등,2,미정,금곡동
31014,고등,2,미정,금곡동
31015,고등,2,미정,금곡동
31016,고등,2,미정,금곡동
31017,고등,2,미정,금곡동
31018,고등,2,미정,금곡동
31019,고등,2,미정,금곡동
31020,고등,2,미정,금곡동
31021,고등,2,미정,금곡동
31022,고등,2,미정,금곡동
31023,고등,2,미정,금곡동
31024,고등,2,미정,금곡동
31025,고등,2,미정,금곡동
31026,고등,2,미정,금곡동
31027,고등,2,미정,금곡동
31028,고등,2,미정,금곡동
31029,고등,2,미정,금곡동
31030,고등,2,미정,금곡동
31031,고등,2,미정,금곡동
31032,고등,2,미정,금곡동
31033,고등,2,미정,금곡동
31034,고등,2,미정,금곡동
31035,고등,2,미정,금곡동
31036,고등,2,미정,금곡동
31037,고등,2,미정,금곡동
31038,고등,2,미정,금곡동
31039,고등,2,미정,금곡동
31040,고등,2,미정,금곡동
31041,고등,2,미정,금곡동
31042,고등,2,미정,금곡동
31043,고등,2,미정,금곡동
31044,고등,2,미정,금곡동
31045,고등,2,미정,금곡동
31046,고등,2,미정,금곡동
31047,고등,2,미정,금곡동
31048,고등,2,미정,금곡동
31049,고등,2,미정,금곡동
31050,고등,2,미정,금곡동
31051,고등,2,미정,금곡동
31052,고등,2,미정,금곡동
31053,고등,2,미정,금곡동
31054,고등,2,미정,금곡동
31055,고등,2,미정,금곡동
31056,고등,2,미정,금곡동
31057,고등,2,미정,금곡동
31058,고등,2,미정,금곡동
31059,고등,2,미정,금곡동
31060,고등,2,미정,금곡동
31061,고등,2,미정,금곡동
31062,고등,2,미정,금곡동
31063,고등,2,미정,금곡동
31064,고등,2,여,경기도
31065,고등,2,남,성남동
31066,고등,2,여,경기도
31067,고등,2,여,성남동
31068,고등,1,미정,경기도
31069,고등,1,미정,경기도
31070,고등,1,미정,경기도
31071,고등,2,미정,금광2동
31072,고등,2,미정,성남동
31073,고등,1,미정,성남동
31074,고등,1,미정,성남동
31075,고등,1,미정,성남동
31076,고등,1,미정,성남동
31077,고등,1,미정,성남동
31078,고등,1,미정,성남동
31079,고등,1,미정,성남동
31080,고등,1,미정,성남동
31081,고등,1,미정,성남동
31082,고등,1,미정,성남동
31083,고등,1,미정,성남동
31084,고등,1,미정,성남동
31085,고등,1,미정,성남동
31086,고등,1,미정,성남동
31087,고등,1,미정,성남동
31088,고등,1,미정,성남동
31089,고등,1,미정,성남동
31090,고등,1,미정,성남동
31091,고등,1,미정,성남동
31092,고등,1,미정,성남동
31093,고등,1,미정,성남동
31094,고등,1,미정,성남동
31095,고등,1,미정,성남동
31096,고등,1,미정,성남동
31097,고등,1,미정,성남동
31098,고등,1,미정,성남동
31099,고등,1,미정,성남동
31100,고등,1,미정,성남동
31101,고등,1,미정,성남동
31102,고등,1,미정,성남동
31103,고등,1,미정,성남동
31104,고등,1,미정,성남동
31105,고등,1,미정,성남동
31106,고등,1,미정,성남동
31107,고등,1,미정,성남동
31108,고등,1,미정,성남동
31109,고등,1,미정,성남동
31110,고등,1,미정,성남동
31111,고등,1,미정,성남동
31112,고등,1,미정,성남동
31113,고등,1,미정,성남동
31114,고등,1,미정,성남동
31115,고등,1,미정,성남동
31116,고등,1,미정,성남동
31117,고등,1,미정,성남동
31118,고등,1,미정,성남동
31119,고등,1,미정,성남동
31120,고등,1,미정,성남동
31121,고등,1,미정,성남동
31122,고등,1,미정,성남동
31123,고등,1,미정,성남동
31124,고등,1,미정,성남동
31125,고등,1,미정,성남동
31126,고등,1,미정,성남동
31127,고등,1,미정,성남동
31128,고등,1,미정,성남동
31129,고등,1,미정,성남동
31130,고등,1,미정,성남동
31131,고등,1,미정,성남동
31132,고등,1,미정,성남동
31133,고등,1,미정,성남동
31134,고등,1,미정,성남동
31135,고등,1,미정,성남동
31136,고등,1,미정,성남동
31137,고등,1,미정,성남동
31138,고등,1,미정,성남동
31139,고등,1,미정,성남동
31140,고등,1,미정,성남동
31141,고등,1,미정,성남동
31142,고등,1,미정,성남동
31143,고등,1,미정,성남동
31144,고등,1,미정,성남동
31145,고등,1,미정,성남동
31146,고등,1,미정,성남동
31147,고등,1,미정,성남동
31148,고등,1,미정,성남동
31149,고등,1,미정,성남동
31150,고등,1,미정,성남동
31151,고등,1,미정,성남동
31152,고등,1,미정,성남동
31153,고등,1,미정,성남동
31154,고등,1,미정,성남동
31155,고등,1,미정,성남동
31156,고등,1,미정,성남동
31157,고등,1,미정,성남동
31158,고등,1,미정,성남동
31159,고등,1,미정,성남동
31160,고등,1,미정,성남동
31161,고등,1,미정,성남동
31162,고등,1,미정,성남동
31163,고등,1,미정,성남동
31164,고등,1,미정,성남동
31165,고등,1,미정,성남동
31166,고등,1,미정,성남동
31167,고등,1,미정,성남동
31168,고등,1,미정,성남동
31169,고등,1,미정,성남동
31170,고등,1,미정,성남동
31171,고등,1,미정,성남동
31172,고등,1,미정,성남동
31173,고등,1,미정,성남동
31174,고등,1,미정,성남동
31175,고등,1,미정,성남동
31176,고등,1,미정,성남동
31177,고등,1,미정,성남동
31178,고등,1,미정,성남동
31179,고등,1,미정,성남동
31180,고등,1,미정,성남동
31181,고등,1,미정,성남동
31182,고등,1,미정,성남동
31183,고등,1,미정,성남동
31184,고등,1,미정,성남동
31185,고등,1,미정,성남동
31186,고등,1,미정,성남동
31187,고등,1,미정,성남동
31188,고등,1,미정,성남동
31189,고등,1,미정,성남동
31190,고등,1,미정,성남동
31191,고등,1,미정,성남동
31192,고등,1,미정,성남동
31193,고등,2,미정,야탑2동
31194,고등,2,미정,판교동
31195,고등,2,미정,판교동
31196,고등,2,미정,경기도
31197,고등,1,미정,복정동
31198,고등,2,미정,판교동
31199,고등,2,미정,경기도
31200,고등,2,미정,경기도
31201,고등,2,미정,성남동
31202,고등,2,미정,서울특별시
31203,고등,2,미정,판교동
31204,고등,2,미정,판교동
31205,고등,2,미정,분당동
31206,고등,2,미정,야탑3동
31207,고등,2,미정,야탑3동
31208,고등,2,미정,야탑3동
31209,고등,2,미정,판교동
31210,고등,2,미정,서현1동
31211,고등,2,미정,서현1동
31212,고등,2,미정,서현1동
31213,고등,2,미정,서현1동
31214,고등,1,미정,야탑3동
31215,고등,1,미정,야탑3동
31216,고등,1,미정,야탑3동
31217,고등,1,미정,야탑3동
31218,고등,1,미정,야탑3동
31219,고등,1,미정,야탑3동
31220,고등,1,미정,경기도
31221,고등,1,남,충청북도
31222,고등,3,미정,경기도
31223,고등,1,미정,신촌동
31224,고등,1,미정,신촌동
31225,고등,1,미정,신촌동
31226,고등,2,미정,신촌동
31227,고등,2,미정,신촌동
31228,고등,2,미정,신촌동
31229,고등,3,미정,신촌동
31230,고등,3,미정,신촌동
31231,고등,3,미정,신촌동
31232,고등,1,미정,신촌동
31233,고등,2,미정,신촌동
31234,고등,1,미정,경기도
31235,고등,2,미정,단대동
31236,고등,2,미정,복정동
31237,고등,2,미정,복정동
31238,고등,2,미정,분당동
31239,고등,2,미정,서현2동
31240,고등,1,미정,경기도
31241,고등,1,미정,경기도
31242,고등,1,미정,경기도
31243,고등,1,미정,경기도
31244,고등,1,미정,경기도
31245,고등,2,미정,신촌동
31246,고등,2,미정,판교동
31247,고등,3,미정,양지동
31248,고등,1,미정,금곡동
31249,고등,1,미정,금곡동
31250,고등,1,미정,금곡동
31251,고등,1,미정,금곡동
31252,고등,1,미정,금곡동
31253,고등,2,미정,금곡동
31254,고등,2,미정,금곡동
31255,고등,2,미정,금곡동
31256,고등,2,미정,금곡동
31257,고등,2,미정,금곡동
31258,고등,1,미정,하대원동
31259,고등,3,미정,하대원동
31260,고등,1,미정,하대원동
31261,고등,2,미정,하대원동
31262,고등,3,미정,하대원동
31263,고등,1,미정,신촌동
31264,고등,1,미정,신촌동
31265,고등,1,미정,신촌동
31266,고등,1,미정,신촌동
31267,고등,1,미정,신촌동
31268,고등,1,미정,서현2동
31269,고등,1,미정,서현2동
31270,고등,1,미정,서현2동
31271,고등,1,미정,서현2동
31272,고등,1,미정,서현2동
31273,고등,1,미정,서현2동
31274,고등,1,미정,정자1동
31275,고등,2,미정,정자1동
31276,고등,3,미정,정자1동
31277,고등,1,미정,야탑3동
31278,고등,2,미정,야탑3동
31279,고등,3,미정,야탑3동
31280,고등,1,미정,하대원동
31281,고등,2,미정,하대원동
31282,고등,3,미정,하대원동
31283,고등,3,미정,양지동
31284,고등,2,미정,양지동
31285,고등,1,미정,양지동
31286,고등,2,미정,양지동
31287,고등,1,미정,양지동
31288,고등,3,미정,양지동
31289,고등,3,미정,양지동
31290,고등,3,미정,야탑3동
31291,고등,3,미정,야탑3동
31292,고등,3,미정,야탑3동
31293,고등,3,미정,야탑3동
31294,고등,3,미정,야탑3동
31295,고등,3,미정,야탑3동
31296,고등,3,미정,경기도
31297,고등,3,여,정자동
31298,고등,2,미정,야탑2동
31299,고등,2,미정,판교동
31300,고등,2,미정,판교동
31301,고등,2,미정,경기도
31302,고등,2,미정,서현2동
31303,고등,3,미정,정자1동
31304,고등,3,미정,정자1동
31305,고등,3,미정,정자1동
31306,고등,3,미정,정자1동
31307,고등,3,미정,정자1동
31308,고등,1,여,금곡동
31309,고등,2,여,성남동
31310,고등,2,미정,성남동
31311,고등,3,미정,금곡동
31312,고등,3,미정,금곡동
31313,고등,3,미정,야탑3동
31314,고등,3,미정,야탑3동
31315,고등,3,미정,하대원동
31316,고등,3,미정,하대원동
31317,고등,3,미정,성남동
31318,고등,3,미정,성남동
31319,고등,3,미정,단대동
31320,고등,3,미정,단대동
31321,고등,3,미정,서현2동
31322,고등,3,미정,서현2동
31323,고등,2,미정,복정동
31324,고등,2,미정,금곡동
31325,고등,2,미정,금곡동
31326,고등,2,미정,금곡동
31327,고등,2,미정,금곡동
31328,고등,2,미정,금곡동
31329,고등,2,미정,금곡동
31330,고등,2,미정,금곡동
31331,고등,2,미정,금곡동
31332,고등,2,미정,금곡동
31333,고등,1,미정,성남동
31334,고등,1,미정,성남동
31335,고등,1,미정,성남동
31336,고등,1,미정,성남동
31337,고등,1,미정,성남동
31338,고등,1,미정,성남동
31339,고등,1,미정,성남동
31340,고등,1,미정,성남동
31341,고등,1,미정,성남동
31342,고등,1,미정,성남동
31343,고등,1,미정,성남동
31344,고등,1,미정,성남동
31345,고등,1,미정,성남동
31346,고등,1,미정,성남동
31347,고등,1,미정,성남동
31348,고등,1,미정,성남동
31349,고등,1,미정,성남동
31350,고등,1,미정,성남동
31351,고등,1,미정,성남동
31352,고등,1,미정,성남동
31353,고등,1,미정,성남동
31354,고등,1,미정,성남동
31355,고등,1,미정,성남동
31356,고등,1,미정,성남동
31357,고등,1,미정,성남동
31358,고등,1,미정,성남동
31359,고등,1,미정,성남동
31360,고등,1,미정,성남동
31361,고등,1,미정,성남동
31362,고등,1,미정,성남동
31363,고등,1,미정,성남동
31364,고등,1,미정,성남동
31365,고등,1,미정,성남동
31366,고등,1,미정,성남동
31367,고등,1,미정,성남동
31368,고등,1,미정,성남동
31369,고등,1,미정,성남동
31370,고등,1,미정,성남동
31371,고등,1,미정,성남동
31372,고등,1,미정,성남동
31373,고등,1,미정,성남동
31374,고등,1,미정,성남동
31375,고등,1,미정,성남동
31376,고등,1,미정,성남동
31377,고등,1,미정,성남동
31378,고등,1,미정,성남동
31379,고등,1,미정,성남동
31380,고등,1,미정,성남동
31381,고등,1,미정,성남동
31382,고등,1,미정,성남동
31383,고등,1,미정,성남동
31384,고등,1,미정,성남동
31385,고등,1,미정,성남동
31386,고등,1,미정,성남동
31387,고등,1,미정,성남동
31388,고등,1,미정,성남동
31389,고등,1,미정,성남동
31390,고등,1,미정,성남동
31391,고등,1,미정,성남동
31392,고등,1,미정,성남동
31393,고등,2,미정,야탑2동
31394,고등,2,미정,판교동
31395,고등,2,미정,판교동
31396,고등,2,미정,경기도
31397,고등,1,미정,복정동
31398,고등,2,미정,판교동
31399,고등,2,미정,경기도
31400,고등,2,미정,판교동
31401,고등,2,미정,판교동
31402,고등,2,미정,분당동
31403,고등,2,미정,야탑3동
31404,고등,2,미정,야탑3동
31405,고등,2,미정,판교동
31406,고등,2,미정,서현1동
31407,고등,2,미정,서현1동
31408,고등,2,미정,서현1동
31409,고등,1,미정,야탑3동
31410,고등,1,미정,야탑3동
31411,고등,1,미정,야탑3동
31412,고등,1,미정,야탑3동
31413,고등,1,미정,야탑3동
31414,고등,1,미정,야탑3동
31415,고등,1,미정,경기도
31416,고등,1,미정,신촌동
31417,고등,1,미정,신촌동
31418,고등,1,미정,신촌동
31419,고등,2,미정,신촌동
31420,고등,2,미정,신촌동
31421,고등,2,미정,신촌동
31422,고등,3,미정,신촌동
31423,고등,3,미정,신촌동
31424,고등,3,미정,신촌동
31425,고등,1,미정,신촌동
31426,고등,2,미정,신촌동
31427,고등,1,미정,금곡동
31428,고등,1,미정,금곡동
31429,고등,1,미정,금곡동
31430,고등,1,미정,금곡동
31431,고등,1,미정,금곡동
31432,고등,2,미정,금곡동
31433,고등,2,미정,금곡동
31434,고등,2,미정,금곡동
31435,고등,2,미정,금곡동
31436,고등,2,미정,금곡동
31437,고등,1,미정,하대원동
31438,고등,3,미정,하대원동
31439,고등,1,미정,하대원동
31440,고등,2,미정,하대원동
31441,고등,3,미정,하대원동
31442,고등,1,미정,신촌동
31443,고등,1,미정,신촌동
31444,고등,1,미정,신촌동
31445,고등,1,미정,신촌동
31446,고등,1,미정,신촌동
31447,고등,1,미정,정자1동
31448,고등,2,미정,정자1동
31449,고등,3,미정,정자1동
31450,고등,1,미정,야탑3동
31451,고등,2,미정,야탑3동
31452,고등,1,미정,하대원동
31453,고등,2,미정,하대원동
31454,고등,3,미정,하대원동
31455,고등,3,미정,양지동
31456,고등,2,미정,양지동
31457,고등,1,미정,양지동
31458,고등,3,미정,정자1동
31459,고등,3,미정,정자1동
31460,고등,3,미정,정자1동
31461,고등,3,미정,정자1동
31462,고등,3,미정,정자1동
31463,고등,1,미정,성남동
31464,고등,1,미정,성남동
31465,고등,1,미정,성남동
31466,고등,1,미정,성남동
31467,고등,1,미정,성남동
31468,고등,1,미정,성남동
31469,고등,1,미정,성남동
31470,고등,1,미정,성남동
31471,고등,1,미정,성남동
31472,고등,1,미정,성남동
31473,고등,1,미정,성남동
31474,고등,1,미정,성남동
31475,고등,1,미정,성남동
31476,고등,1,미정,성남동
31477,고등,1,미정,성남동
31478,고등,1,미정,성남동
31479,고등,1,미정,성남동
31480,고등,1,미정,성남동
31481,고등,1,미정,성남동
31482,고등,2,미정,야탑2동
31483,고등,2,미정,판교동
31484,고등,2,미정,경기도
31485,고등,2,미정,판교동
31486,고등,2,미정,판교동
31487,고등,2,미정,판교동
31488,고등,2,미정,분당동
31489,고등,2,미정,야탑3동
31490,고등,2,미정,판교동
31491,고등,2,미정,서현1동
31492,고등,2,미정,서현1동
31493,고등,1,미정,야탑3동
31494,고등,1,미정,야탑3동
31495,고등,1,미정,야탑3동
31496,고등,1,미정,야탑3동
31497,고등,1,미정,야탑3동
31498,고등,1,미정,경기도
31499,고등,1,미정,신촌동
31500,고등,1,미정,신촌동
31501,고등,1,미정,신촌동
31502,고등,2,미정,신촌동
31503,고등,2,미정,신촌동
31504,고등,2,미정,신촌동
31505,고등,3,미정,신촌동
31506,고등,3,미정,신촌동
31507,고등,3,미정,신촌동
31508,고등,1,미정,신촌동
31509,고등,2,미정,신촌동
31510,고등,1,미정,금곡동
31511,고등,1,미정,금곡동
31512,고등,1,미정,금곡동
31513,고등,1,미정,금곡동
31514,고등,1,미정,금곡동
31515,고등,2,미정,금곡동
31516,고등,2,미정,금곡동
31517,고등,2,미정,금곡동
31518,고등,2,미정,금곡동
31519,고등,2,미정,금곡동
31520,고등,1,미정,하대원동
31521,고등,3,미정,하대원동
31522,고등,1,미정,하대원동
31523,고등,2,미정,하대원동
31524,고등,3,미정,하대원동
31525,고등,1,미정,신촌동
31526,고등,1,미정,신촌동
31527,고등,1,미정,신촌동
31528,고등,1,미정,신촌동
31529,고등,1,미정,신촌동
31530,고등,1,미정,정자1동
31531,고등,2,미정,정자1동
31532,고등,3,미정,정자1동
31533,고등,1,미정,야탑3동
31534,고등,2,미정,야탑3동
31535,고등,1,미정,하대원동
31536,고등,2,미정,하대원동
31537,고등,3,미정,하대원동
31538,고등,3,미정,양지동
31539,고등,2,미정,양지동
31540,고등,1,미정,양지동
31541,고등,3,미정,정자1동
31542,고등,3,미정,정자1동
31543,고등,3,미정,정자1동
31544,고등,3,미정,정자1동
31545,고등,3,미정,정자1동
31546,고등,1,미정,성남동
31547,고등,1,미정,성남동
31548,고등,1,미정,성남동
31549,고등,1,미정,성남동
31550,고등,1,미정,성남동
31551,고등,2,미정,야탑2동
31552,고등,2,미정,판교동
31553,고등,2,미정,경기도
31554,고등,2,미정,판교동
31555,고등,2,미정,판교동
31556,고등,2,미정,판교동
31557,고등,2,미정,분당동
31558,고등,2,미정,야탑3동
31559,고등,2,미정,판교동
31560,고등,2,미정,서현1동
31561,고등,1,미정,야탑3동
31562,고등,1,미정,야탑3동
31563,고등,1,미정,야탑3동
31564,고등,1,미정,야탑3동
31565,고등,1,미정,경기도
31566,고등,1,미정,신촌동
31567,고등,1,미정,신촌동
31568,고등,1,미정,신촌동
31569,고등,2,미정,신촌동
31570,고등,2,미정,신촌동
31571,고등,2,미정,신촌동
31572,고등,3,미정,신촌동
31573,고등,3,미정,신촌동
31574,고등,1,미정,금곡동
31575,고등,1,미정,금곡동
31576,고등,1,미정,금곡동
31577,고등,1,미정,금곡동
31578,고등,1,미정,금곡동
31579,고등,2,미정,금곡동
31580,고등,2,미정,금곡동
31581,고등,2,미정,금곡동
31582,고등,2,미정,금곡동
31583,고등,2,미정,금곡동
31584,고등,1,미정,하대원동
31585,고등,3,미정,하대원동
31586,고등,1,미정,하대원동
31587,고등,2,미정,하대원동
31588,고등,3,미정,하대원동
31589,고등,1,미정,신촌동
31590,고등,1,미정,신촌동
31591,고등,1,미정,신촌동
31592,고등,1,미정,정자1동
31593,고등,2,미정,정자1동
31594,고등,3,미정,정자1동
31595,고등,1,미정,야탑3동
31596,고등,2,미정,야탑3동
31597,고등,3,미정,양지동
31598,고등,2,미정,양지동
31599,고등,1,미정,양지동
31600,고등,3,미정,정자1동
31601,고등,3,미정,정자1동
31602,고등,3,미정,정자1동
31603,고등,3,미정,정자1동
31604,고등,3,미정,정자1동
31605,고등,2,미정,야탑2동
31606,고등,2,미정,판교동
31607,고등,2,미정,경기도
31608,고등,2,미정,판교동
31609,고등,2,미정,판교동
31610,고등,2,미정,판교동
31611,고등,2,미정,분당동
31612,고등,2,미정,야탑3동
31613,고등,2,미정,판교동
31614,고등,2,미정,서현1동
31615,고등,1,미정,야탑3동
31616,고등,1,미정,야탑3동
31617,고등,1,미정,경기도
31618,고등,1,미정,신촌동
31619,고등,1,미정,신촌동
31620,고등,1,미정,신촌동
31621,고등,2,미정,신촌동
31622,고등,1,미정,금곡동
31623,고등,1,미정,금곡동
31624,고등,1,미정,금곡동
31625,고등,1,미정,금곡동
31626,고등,1,미정,금곡동
31627,고등,2,미정,금곡동
31628,고등,2,미정,금곡동
31629,고등,2,미정,금곡동
31630,고등,2,미정,금곡동
31631,고등,2,미정,금곡동
31632,고등,1,미정,하대원동
31633,고등,3,미정,하대원동
31634,고등,1,미정,하대원동
31635,고등,2,미정,하대원동
31636,고등,3,미정,하대원동
31637,고등,1,미정,신촌동
31638,고등,1,미정,신촌동
31639,고등,1,미정,신촌동
31640,고등,1,미정,정자1동
31641,고등,2,미정,정자1동
31642,고등,3,미정,정자1동
31643,고등,1,미정,야탑3동
31644,고등,3,미정,양지동
31645,고등,2,미정,양지동
31646,고등,1,미정,양지동
31647,고등,3,미정,정자1동
31648,고등,3,미정,정자1동
31649,고등,3,미정,정자1동
31650,고등,3,미정,정자1동
31651,고등,3,미정,정자1동
31652,고등,2,미정,야탑2동
31653,고등,2,미정,판교동
31654,고등,2,미정,판교동
31655,고등,2,미정,분당동
31656,고등,2,미정,야탑3동
31657,고등,2,미정,판교동
31658,고등,2,미정,서현1동
31659,고등,1,미정,야탑3동
31660,고등,1,미정,경기도
31661,고등,1,미정,신촌동
31662,고등,1,미정,금곡동
31663,고등,1,미정,금곡동
31664,고등,1,미정,금곡동
31665,고등,1,미정,금곡동
31666,고등,1,미정,금곡동
31667,고등,2,미정,금곡동
31668,고등,2,미정,금곡동
31669,고등,2,미정,금곡동
31670,고등,2,미정,금곡동
31671,고등,2,미정,금곡동
31672,고등,1,미정,하대원동
31673,고등,3,미정,하대원동
31674,고등,1,미정,하대원동
31675,고등,2,미정,하대원동
31676,고등,3,미정,하대원동
31677,고등,1,미정,신촌동
31678,고등,1,미정,신촌동
31679,고등,1,미정,신촌동
31680,고등,1,미정,정자1동
31681,고등,2,미정,정자1동
31682,고등,3,미정,정자1동
31683,고등,1,미정,야탑3동
31684,고등,3,미정,양지동
31685,고등,2,미정,양지동
31686,고등,1,미정,양지동
31687,고등,3,미정,정자1동
31688,고등,2,미정,판교동
31689,고등,2,미정,야탑3동
31690,고등,1,미정,경기도
31691,고등,1,미정,금곡동
31692,고등,1,미정,금곡동
31693,고등,1,미정,금곡동
31694,고등,1,미정,금곡동
31695,고등,1,미정,금곡동
31696,고등,2,미정,금곡동
31697,고등,2,미정,금곡동
31698,고등,2,미정,금곡동
31699,고등,2,미정,금곡동
31700,고등,2,미정,금곡동
31701,고등,1,미정,하대원동
31702,고등,3,미정,하대원동
31703,고등,1,미정,하대원동
31704,고등,2,미정,하대원동
31705,고등,3,미정,하대원동
31706,고등,1,미정,정자1동
31707,고등,2,미정,정자1동
31708,고등,3,미정,정자1동
31709,고등,1,미정,야탑3동
31710,고등,2,미정,판교동
31711,고등,2,미정,야탑3동
31712,고등,1,미정,금곡동
31713,고등,1,미정,금곡동
31714,고등,1,미정,금곡동
31715,고등,1,미정,금곡동
31716,고등,1,미정,금곡동
31717,고등,2,미정,금곡동
31718,고등,2,미정,금곡동
31719,고등,2,미정,금곡동
31720,고등,2,미정,금곡동
31721,고등,2,미정,금곡동
31722,고등,1,미정,하대원동
31723,고등,3,미정,하대원동
31724,고등,1,미정,하대원동
31725,고등,2,미정,하대원동
31726,고등,3,미정,하대원동
31727,고등,1,미정,금곡동
31728,고등,1,미정,금곡동
31729,고등,1,미정,금곡동
31730,고등,1,미정,금곡동
31731,고등,1,미정,금곡동
31732,고등,2,미정,금곡동
31733,고등,2,미정,금곡동
31734,고등,2,미정,금곡동
31735,고등,2,미정,금곡동
31736,고등,2,미정,금곡동
31737,고등,1,미정,하대원동
31738,고등,3,미정,하대원동
31739,고등,1,미정,하대원동
31740,고등,2,미정,하대원동
31741,고등,3,미정,하대원동
31742,고등,1,미정,금곡동
31743,고등,1,미정,금곡동
31744,고등,1,미정,금곡동
31745,고등,1,미정,금곡동
31746,고등,1,미정,금곡동
31747,고등,2,미정,금곡동
31748,고등,2,미정,금곡동
31749,고등,2,미정,금곡동
31750,고등,2,미정,금곡동
31751,고등,2,미정,금곡동
31752,고등,1,미정,하대원동
31753,고등,3,미정,하대원동
31754,고등,1,미정,하대원동
31755,고등,2,미정,하대원동
31756,고등,3,미정,하대원동
31757,고등,1,미정,금곡동
31758,고등,1,미정,금곡동
31759,고등,1,미정,금곡동
31760,고등,1,미정,금곡동
31761,고등,1,미정,금곡동
31762,고등,2,미정,금곡동
31763,고등,2,미정,금곡동
31764,고등,2,미정,금곡동
31765,고등,2,미정,금곡동
31766,고등,2,미정,금곡동
31767,고등,1,미정,하대원동
31768,고등,3,미정,하대원동
31769,고등,1,미정,하대원동
31770,고등,2,미정,하대원동
31771,고등,3,미정,하대원동
31772,고등,1,미정,금곡동
31773,고등,1,미정,금곡동
31774,고등,1,미정,금곡동
31775,고등,1,미정,금곡동
31776,고등,1,미정,금곡동
31777,고등,1,미정,하대원동
31778,고등,3,미정,하대원동
31779,고등,1,미정,하대원동
31780,고등,2,미정,하대원동
31781,고등,3,미정,하대원동
31782,고등,1,미정,금곡동
31783,고등,1,미정,금곡동
31784,고등,1,미정,금곡동
31785,고등,1,미정,금곡동
31786,고등,1,미정,금곡동
31787,고등,1,미정,하대원동
31788,고등,3,미정,하대원동
31789,고등,1,미정,하대원동
31790,고등,2,미정,하대원동
31791,고등,3,미정,하대원동
31792,고등,1,미정,경기도
31793,고등,2,미정,복정동
31794,고등,2,미정,분당동
31795,고등,2,미정,복정동
31796,고등,2,미정,경기도
31797,고등,2,미정,서울특별시
31798,고등,2,미정,성남동
31799,고등,2,미정,성남동
31800,고등,2,미정,신촌동
31801,고등,2,미정,성남동
31802,고등,3,미정,이매1동
31803,고등,3,미정,세종특별자치시
31804,고등,3,미정,경기도
31805,고등,3,미정,금곡동
31806,고등,3,미정,금곡동
31807,고등,3,미정,야탑3동
31808,고등,3,미정,야탑3동
31809,고등,3,미정,하대원동
31810,고등,3,미정,하대원동
31811,고등,3,미정,성남동
31812,고등,3,미정,성남동
31813,고등,3,미정,단대동
31814,고등,3,미정,단대동
31815,고등,3,미정,서현2동
31816,고등,3,미정,서현2동
31817,고등,3,미정,서현1동
31818,고등,3,미정,금곡동
31819,고등,1,미정,금곡동
31820,고등,1,미정,금곡동
31821,고등,1,미정,금곡동
31822,고등,1,미정,금곡동
31823,고등,1,미정,금곡동
31824,고등,1,미정,금곡동
31825,고등,1,미정,금곡동
31826,고등,1,미정,금곡동
31827,고등,1,미정,금곡동
31828,고등,1,미정,금곡동
31829,고등,1,미정,금곡동
31830,고등,1,미정,금곡동
31831,고등,1,미정,금곡동
31832,고등,1,미정,금곡동
31833,고등,1,미정,금곡동
31834,고등,1,미정,금곡동
31835,고등,1,미정,금곡동
31836,고등,1,미정,금곡동
31837,고등,1,미정,금곡동
31838,고등,1,미정,금곡동
31839,고등,1,미정,금곡동
31840,고등,1,미정,금곡동
31841,고등,1,미정,금곡동
31842,고등,1,미정,금곡동
31843,고등,1,미정,금곡동
31844,고등,1,미정,금곡동
31845,고등,1,미정,금곡동
31846,고등,1,미정,금곡동
31847,고등,1,미정,금곡동
31848,고등,1,미정,금곡동
31849,고등,1,미정,금곡동
31850,고등,1,미정,금곡동
31851,고등,1,미정,금곡동
31852,고등,1,미정,금곡동
31853,고등,1,미정,금곡동
31854,고등,1,미정,금곡동
31855,고등,1,미정,금곡동
31856,고등,1,미정,금곡동
31857,고등,1,미정,금곡동
31858,고등,1,미정,금곡동
31859,고등,1,미정,금곡동
31860,고등,1,미정,금곡동
31861,고등,1,미정,금곡동
31862,고등,1,미정,금곡동
31863,고등,1,미정,금곡동
31864,고등,1,미정,금곡동
31865,고등,1,미정,금곡동
31866,고등,1,미정,금곡동
31867,고등,1,미정,금곡동
31868,고등,1,미정,금곡동
31869,고등,1,미정,금곡동
31870,고등,1,미정,금곡동
31871,고등,1,미정,금곡동
31872,고등,1,미정,금곡동
31873,고등,1,미정,금곡동
31874,고등,1,미정,금곡동
31875,고등,1,미정,금곡동
31876,고등,1,미정,금곡동
31877,고등,1,미정,금곡동
31878,고등,1,미정,금곡동
31879,고등,1,미정,금곡동
31880,고등,1,미정,금곡동
31881,고등,1,미정,금곡동
31882,고등,1,미정,금곡동
31883,고등,1,미정,금곡동
31884,고등,1,미정,금곡동
31885,고등,1,미정,금곡동
31886,고등,1,미정,정자3동
31887,고등,2,미정,정자3동
31888,고등,1,미정,수내1동
31889,고등,2,미정,수내1동
31890,고등,1,미정,이매1동
31891,고등,2,미정,구미1동
31892,고등,2,미정,경기도
31893,고등,3,미정,성남동
31894,고등,2,미정,단대동
31895,고등,2,미정,복정동
31896,고등,2,미정,복정동
31897,고등,2,미정,야탑3동
31898,고등,2,미정,성남동
31899,고등,3,미정,분당동
31900,고등,2,미정,경기도
31901,고등,2,미정,야탑3동
31902,고등,2,미정,금곡동
31903,고등,2,미정,금곡동
31904,고등,2,미정,금곡동
31905,고등,2,미정,금곡동
31906,고등,2,미정,금곡동
31907,고등,2,미정,금곡동
31908,고등,2,미정,금곡동
31909,고등,2,미정,금곡동
31910,고등,2,미정,금곡동
31911,고등,2,미정,금곡동
31912,고등,2,미정,금곡동
31913,고등,2,미정,금곡동
31914,고등,2,미정,금곡동
31915,고등,2,미정,금곡동
31916,고등,2,미정,금곡동
31917,고등,2,미정,금곡동
31918,고등,2,미정,금곡동
31919,고등,2,미정,금곡동
31920,고등,2,미정,금곡동
31921,고등,2,미정,금곡동
31922,고등,2,미정,금곡동
31923,고등,2,미정,금곡동
31924,고등,2,미정,금곡동
31925,고등,2,미정,금곡동
31926,고등,2,미정,금곡동
31927,고등,2,미정,금곡동
31928,고등,2,미정,금곡동
31929,고등,2,미정,금곡동
31930,고등,2,미정,금곡동
31931,고등,2,미정,금곡동
31932,고등,2,미정,금곡동
31933,고등,2,미정,금곡동
31934,고등,2,미정,금곡동
31935,고등,2,미정,금곡동
31936,고등,2,미정,금곡동
31937,고등,2,미정,금곡동
31938,고등,2,미정,금곡동
31939,고등,2,미정,금곡동
31940,고등,2,미정,금곡동
31941,고등,2,미정,금곡동
31942,고등,2,미정,금곡동
31943,고등,2,미정,금곡동
31944,고등,2,미정,금곡동
31945,고등,2,미정,금곡동
31946,고등,2,미정,금곡동
31947,고등,2,미정,금곡동
31948,고등,2,미정,금곡동
31949,고등,2,미정,금곡동
31950,고등,2,미정,금곡동
31951,고등,2,미정,금곡동
31952,고등,2,미정,금곡동
31953,고등,2,미정,금곡동
31954,고등,2,미정,금곡동
31955,고등,2,미정,금곡동
31956,고등,2,미정,금곡동
31957,고등,2,미정,금곡동
31958,고등,2,미정,금곡동
31959,고등,2,미정,금곡동
31960,고등,2,미정,금곡동
31961,고등,2,미정,금곡동
31962,고등,2,미정,금곡동
31963,고등,2,미정,금곡동
31964,고등,2,미정,금곡동
31965,고등,2,미정,금곡동
31966,고등,2,미정,금곡동
31967,고등,2,미정,금곡동
31968,고등,2,미정,금곡동
31969,고등,2,미정,금곡동
31970,고등,2,미정,금곡동
31971,고등,2,미정,금곡동
31972,고등,2,미정,금곡동
31973,고등,2,미정,금곡동
31974,고등,2,미정,금곡동
31975,고등,2,미정,금곡동
31976,고등,2,미정,금곡동
31977,고등,2,미정,금곡동
31978,고등,2,미정,금곡동
31979,고등,2,미정,금곡동
31980,고등,2,미정,금곡동
31981,고등,2,미정,금곡동
31982,고등,2,미정,금곡동
31983,고등,2,미정,금곡동
31984,고등,2,미정,금곡동
31985,고등,2,미정,금곡동
31986,고등,2,미정,금곡동
31987,고등,2,미정,금곡동
31988,고등,2,미정,금곡동
31989,고등,2,미정,금곡동
31990,고등,2,미정,금곡동
31991,고등,2,미정,금곡동
31992,고등,2,미정,금곡동
31993,고등,2,미정,금곡동
31994,고등,2,미정,금곡동
31995,고등,2,미정,금곡동
31996,고등,2,미정,금곡동
31997,고등,2,미정,금곡동
31998,고등,2,미정,금곡동
31999,고등,2,미정,금곡동
32000,고등,2,미정,금곡동
32001,고등,2,미정,금곡동
32002,고등,2,미정,금곡동
32003,고등,2,미정,금곡동
32004,고등,2,미정,금곡동
32005,고등,2,미정,금곡동
32006,고등,2,미정,금곡동
32007,고등,2,미정,금곡동
32008,고등,2,미정,금곡동
32009,고등,2,미정,금곡동
32010,고등,2,미정,금곡동
32011,고등,2,미정,금곡동
32012,고등,2,미정,금곡동
32013,고등,2,미정,금곡동
32014,고등,2,미정,금곡동
32015,고등,2,미정,금곡동
32016,고등,2,미정,금곡동
32017,고등,2,미정,금곡동
32018,고등,2,미정,금곡동
32019,고등,2,미정,금곡동
32020,고등,2,미정,금곡동
32021,고등,2,미정,금곡동
32022,고등,2,여,경기도
32023,고등,2,남,성남동
32024,고등,2,여,경기도
32025,고등,2,여,성남동
32026,고등,1,미정,경기도
32027,고등,1,미정,경기도
32028,고등,1,미정,경기도
32029,고등,2,미정,금광2동
32030,고등,2,미정,성남동
32031,고등,1,미정,성남동
32032,고등,1,미정,성남동
32033,고등,1,미정,성남동
32034,고등,1,미정,성남동
32035,고등,1,미정,성남동
32036,고등,1,미정,성남동
32037,고등,1,미정,성남동
32038,고등,1,미정,성남동
32039,고등,1,미정,성남동
32040,고등,1,미정,성남동
32041,고등,1,미정,성남동
32042,고등,1,미정,성남동
32043,고등,1,미정,성남동
32044,고등,1,미정,성남동
32045,고등,1,미정,성남동
32046,고등,1,미정,성남동
32047,고등,1,미정,성남동
32048,고등,1,미정,성남동
32049,고등,1,미정,성남동
32050,고등,1,미정,성남동
32051,고등,1,미정,성남동
32052,고등,1,미정,성남동
32053,고등,1,미정,성남동
32054,고등,1,미정,성남동
32055,고등,1,미정,성남동
32056,고등,1,미정,성남동
32057,고등,1,미정,성남동
32058,고등,1,미정,성남동
32059,고등,1,미정,성남동
32060,고등,1,미정,성남동
32061,고등,1,미정,성남동
32062,고등,1,미정,성남동
32063,고등,1,미정,성남동
32064,고등,1,미정,성남동
32065,고등,1,미정,성남동
32066,고등,1,미정,성남동
32067,고등,1,미정,성남동
32068,고등,1,미정,성남동
32069,고등,1,미정,성남동
32070,고등,1,미정,성남동
32071,고등,1,미정,성남동
32072,고등,1,미정,성남동
32073,고등,1,미정,성남동
32074,고등,1,미정,성남동
32075,고등,1,미정,성남동
32076,고등,1,미정,성남동
32077,고등,1,미정,성남동
32078,고등,1,미정,성남동
32079,고등,1,미정,성남동
32080,고등,1,미정,성남동
32081,고등,1,미정,성남동
32082,고등,1,미정,성남동
32083,고등,1,미정,성남동
32084,고등,1,미정,성남동
32085,고등,1,미정,성남동
32086,고등,1,미정,성남동
32087,고등,1,미정,성남동
32088,고등,1,미정,성남동
32089,고등,1,미정,성남동
32090,고등,1,미정,성남동
32091,고등,1,미정,성남동
32092,고등,1,미정,성남동
32093,고등,1,미정,성남동
32094,고등,1,미정,성남동
32095,고등,1,미정,성남동
32096,고등,1,미정,성남동
32097,고등,1,미정,성남동
32098,고등,1,미정,성남동
32099,고등,1,미정,성남동
32100,고등,1,미정,성남동
32101,고등,1,미정,성남동
32102,고등,1,미정,성남동
32103,고등,1,미정,성남동
32104,고등,1,미정,성남동
32105,고등,1,미정,성남동
32106,고등,1,미정,성남동
32107,고등,1,미정,성남동
32108,고등,1,미정,성남동
32109,고등,1,미정,성남동
32110,고등,1,미정,성남동
32111,고등,1,미정,성남동
32112,고등,1,미정,성남동
32113,고등,1,미정,성남동
32114,고등,1,미정,성남동
32115,고등,1,미정,성남동
32116,고등,1,미정,성남동
32117,고등,1,미정,성남동
32118,고등,1,미정,성남동
32119,고등,1,미정,성남동
32120,고등,1,미정,성남동
32121,고등,1,미정,성남동
32122,고등,1,미정,성남동
32123,고등,1,미정,성남동
32124,고등,1,미정,성남동
32125,고등,1,미정,성남동
32126,고등,1,미정,성남동
32127,고등,1,미정,성남동
32128,고등,1,미정,성남동
32129,고등,1,미정,성남동
32130,고등,1,미정,성남동
32131,고등,1,미정,성남동
32132,고등,1,미정,성남동
32133,고등,1,미정,성남동
32134,고등,1,미정,성남동
32135,고등,1,미정,성남동
32136,고등,1,미정,성남동
32137,고등,1,미정,성남동
32138,고등,1,미정,성남동
32139,고등,1,미정,성남동
32140,고등,1,미정,성남동
32141,고등,1,미정,성남동
32142,고등,1,미정,성남동
32143,고등,1,미정,성남동
32144,고등,1,미정,성남동
32145,고등,1,미정,성남동
32146,고등,1,미정,성남동
32147,고등,1,미정,성남동
32148,고등,1,미정,성남동
32149,고등,1,미정,성남동
32150,고등,1,미정,성남동
32151,고등,1,미정,성남동
32152,고등,1,미정,성남동
32153,고등,1,미정,성남동
32154,고등,1,미정,성남동
32155,고등,1,미정,성남동
32156,고등,1,미정,성남동
32157,고등,1,미정,성남동
32158,고등,1,미정,성남동
32159,고등,1,미정,성남동
32160,고등,1,미정,성남동
32161,고등,1,미정,성남동
32162,고등,1,미정,성남동
32163,고등,1,미정,성남동
32164,고등,1,미정,성남동
32165,고등,1,미정,성남동
32166,고등,1,미정,성남동
32167,고등,1,미정,성남동
32168,고등,1,미정,성남동
32169,고등,1,미정,성남동
32170,고등,1,미정,성남동
32171,고등,1,미정,성남동
32172,고등,1,미정,성남동
32173,고등,1,미정,성남동
32174,고등,1,미정,성남동
32175,고등,1,미정,성남동
32176,고등,1,미정,성남동
32177,고등,1,미정,성남동
32178,고등,1,미정,성남동
32179,고등,2,미정,야탑2동
32180,고등,2,미정,판교동
32181,고등,2,미정,판교동
32182,고등,2,미정,경기도
32183,고등,1,미정,복정동
32184,고등,2,미정,판교동
32185,고등,2,미정,경기도
32186,고등,2,미정,경기도
32187,고등,2,미정,경기도
32188,고등,2,미정,성남동
32189,고등,2,미정,서울특별시
32190,고등,2,미정,판교동
32191,고등,2,미정,판교동
32192,고등,2,미정,분당동
32193,고등,2,미정,야탑3동
32194,고등,2,미정,야탑3동
32195,고등,2,미정,야탑3동
32196,고등,2,미정,판교동
32197,고등,2,미정,서현1동
32198,고등,2,미정,서현1동
32199,고등,2,미정,서현1동
32200,고등,2,미정,서현1동
32201,고등,1,미정,야탑3동
32202,고등,1,미정,야탑3동
32203,고등,1,미정,야탑3동
32204,고등,1,미정,야탑3동
32205,고등,1,미정,야탑3동
32206,고등,1,미정,야탑3동
32207,고등,1,미정,경기도
32208,고등,1,남,충청북도
32209,고등,3,미정,경기도
32210,고등,1,미정,하대원동
32211,고등,1,미정,신촌동
32212,고등,1,미정,신촌동
32213,고등,1,미정,신촌동
32214,고등,2,미정,신촌동
32215,고등,2,미정,신촌동
32216,고등,2,미정,신촌동
32217,고등,3,미정,신촌동
32218,고등,3,미정,신촌동
32219,고등,3,미정,신촌동
32220,고등,1,미정,신촌동
32221,고등,2,미정,신촌동
32222,고등,1,미정,경기도
32223,고등,2,미정,단대동
32224,고등,2,미정,복정동
32225,고등,2,미정,복정동
32226,고등,2,미정,분당동
32227,고등,2,미정,서현2동
32228,고등,1,미정,경기도
32229,고등,1,미정,경기도
32230,고등,1,미정,경기도
32231,고등,1,미정,경기도
32232,고등,1,미정,경기도
32233,고등,2,미정,신촌동
32234,고등,2,미정,판교동
32235,고등,3,미정,양지동
32236,고등,1,미정,금곡동
32237,고등,1,미정,금곡동
32238,고등,1,미정,금곡동
32239,고등,1,미정,금곡동
32240,고등,1,미정,금곡동
32241,고등,2,미정,금곡동
32242,고등,2,미정,금곡동
32243,고등,2,미정,금곡동
32244,고등,2,미정,금곡동
32245,고등,2,미정,금곡동
32246,고등,1,미정,하대원동
32247,고등,3,미정,하대원동
32248,고등,1,미정,하대원동
32249,고등,2,미정,하대원동
32250,고등,3,미정,하대원동
32251,고등,1,미정,신촌동
32252,고등,1,미정,신촌동
32253,고등,1,미정,신촌동
32254,고등,1,미정,신촌동
32255,고등,1,미정,신촌동
32256,고등,1,미정,서현2동
32257,고등,1,미정,서현2동
32258,고등,1,미정,서현2동
32259,고등,1,미정,서현2동
32260,고등,1,미정,서현2동
32261,고등,1,미정,서현2동
32262,고등,1,미정,정자1동
32263,고등,2,미정,정자1동
32264,고등,3,미정,정자1동
32265,고등,1,미정,야탑3동
32266,고등,2,미정,야탑3동
32267,고등,3,미정,야탑3동
32268,고등,1,미정,하대원동
32269,고등,2,미정,하대원동
32270,고등,3,미정,하대원동
32271,고등,3,미정,양지동
32272,고등,2,미정,양지동
32273,고등,1,미정,양지동
32274,고등,2,미정,양지동
32275,고등,1,미정,양지동
32276,고등,3,미정,양지동
32277,고등,3,미정,양지동
32278,고등,3,미정,야탑3동
32279,고등,3,미정,야탑3동
32280,고등,3,미정,야탑3동
32281,고등,3,미정,야탑3동
32282,고등,3,미정,야탑3동
32283,고등,3,미정,야탑3동
32284,고등,3,미정,경기도
32285,고등,3,여,정자동
32286,고등,2,미정,야탑2동
32287,고등,2,미정,판교동
32288,고등,2,미정,판교동
32289,고등,2,미정,경기도
32290,고등,2,미정,서현2동
32291,고등,3,미정,정자1동
32292,고등,3,미정,정자1동
32293,고등,3,미정,정자1동
32294,고등,3,미정,정자1동
32295,고등,3,미정,정자1동
32296,고등,2,남,성남동
32297,고등,1,여,금곡동
32298,고등,2,여,성남동
32299,고등,3,미정,하대원동
32300,고등,3,미정,하대원동
32301,고등,2,미정,성남동
32302,고등,3,미정,금곡동
32303,고등,3,미정,금곡동
32304,고등,3,미정,야탑3동
32305,고등,3,미정,야탑3동
32306,고등,3,미정,하대원동
32307,고등,3,미정,하대원동
32308,고등,3,미정,성남동
32309,고등,3,미정,성남동
32310,고등,3,미정,단대동
32311,고등,3,미정,단대동
32312,고등,3,미정,서현2동
32313,고등,3,미정,서현2동
32314,고등,2,미정,복정동
32315,고등,2,미정,금곡동
32316,고등,2,미정,금곡동
32317,고등,2,미정,금곡동
32318,고등,2,미정,금곡동
32319,고등,2,미정,금곡동
32320,고등,2,미정,금곡동
32321,고등,2,미정,금곡동
32322,고등,2,미정,금곡동
32323,고등,2,미정,금곡동
32324,고등,2,미정,금곡동
32325,고등,2,미정,금곡동
32326,고등,2,미정,금곡동
32327,고등,2,미정,금곡동
32328,고등,1,미정,성남동
32329,고등,1,미정,성남동
32330,고등,1,미정,성남동
32331,고등,1,미정,성남동
32332,고등,1,미정,성남동
32333,고등,1,미정,성남동
32334,고등,1,미정,성남동
32335,고등,1,미정,성남동
32336,고등,1,미정,성남동
32337,고등,1,미정,성남동
32338,고등,1,미정,성남동
32339,고등,1,미정,성남동
32340,고등,1,미정,성남동
32341,고등,1,미정,성남동
32342,고등,1,미정,성남동
32343,고등,1,미정,성남동
32344,고등,1,미정,성남동
32345,고등,1,미정,성남동
32346,고등,1,미정,성남동
32347,고등,1,미정,성남동
32348,고등,1,미정,성남동
32349,고등,1,미정,성남동
32350,고등,1,미정,성남동
32351,고등,1,미정,성남동
32352,고등,1,미정,성남동
32353,고등,1,미정,성남동
32354,고등,1,미정,성남동
32355,고등,1,미정,성남동
32356,고등,1,미정,성남동
32357,고등,1,미정,성남동
32358,고등,1,미정,성남동
32359,고등,1,미정,성남동
32360,고등,1,미정,성남동
32361,고등,1,미정,성남동
32362,고등,1,미정,성남동
32363,고등,1,미정,성남동
32364,고등,1,미정,성남동
32365,고등,1,미정,성남동
32366,고등,1,미정,성남동
32367,고등,1,미정,성남동
32368,고등,1,미정,성남동
32369,고등,1,미정,성남동
32370,고등,1,미정,성남동
32371,고등,1,미정,성남동
32372,고등,1,미정,성남동
32373,고등,1,미정,성남동
32374,고등,1,미정,성남동
32375,고등,1,미정,성남동
32376,고등,1,미정,성남동
32377,고등,1,미정,성남동
32378,고등,1,미정,성남동
32379,고등,1,미정,성남동
32380,고등,1,미정,성남동
32381,고등,1,미정,성남동
32382,고등,1,미정,성남동
32383,고등,1,미정,성남동
32384,고등,1,미정,성남동
32385,고등,1,미정,성남동
32386,고등,1,미정,성남동
32387,고등,1,미정,성남동
32388,고등,1,미정,성남동
32389,고등,1,미정,성남동
32390,고등,1,미정,성남동
32391,고등,1,미정,성남동
32392,고등,1,미정,성남동
32393,고등,1,미정,성남동
32394,고등,1,미정,성남동
32395,고등,1,미정,성남동
32396,고등,1,미정,성남동
32397,고등,1,미정,성남동
32398,고등,1,미정,성남동
32399,고등,2,미정,야탑2동
32400,고등,2,미정,판교동
32401,고등,2,미정,판교동
32402,고등,2,미정,경기도
32403,고등,1,미정,복정동
32404,고등,2,미정,판교동
32405,고등,2,미정,경기도
32406,고등,2,미정,판교동
32407,고등,2,미정,판교동
32408,고등,2,미정,분당동
32409,고등,2,미정,야탑3동
32410,고등,2,미정,야탑3동
32411,고등,2,미정,판교동
32412,고등,2,미정,서현1동
32413,고등,2,미정,서현1동
32414,고등,2,미정,서현1동
32415,고등,1,미정,야탑3동
32416,고등,1,미정,야탑3동
32417,고등,1,미정,야탑3동
32418,고등,1,미정,야탑3동
32419,고등,1,미정,야탑3동
32420,고등,1,미정,야탑3동
32421,고등,1,미정,경기도
32422,고등,1,미정,신촌동
32423,고등,1,미정,신촌동
32424,고등,1,미정,신촌동
32425,고등,2,미정,신촌동
32426,고등,2,미정,신촌동
32427,고등,2,미정,신촌동
32428,고등,3,미정,신촌동
32429,고등,3,미정,신촌동
32430,고등,3,미정,신촌동
32431,고등,1,미정,신촌동
32432,고등,2,미정,신촌동
32433,고등,1,미정,금곡동
32434,고등,1,미정,금곡동
32435,고등,1,미정,금곡동
32436,고등,1,미정,금곡동
32437,고등,1,미정,금곡동
32438,고등,2,미정,금곡동
32439,고등,2,미정,금곡동
32440,고등,2,미정,금곡동
32441,고등,2,미정,금곡동
32442,고등,2,미정,금곡동
32443,고등,1,미정,하대원동
32444,고등,3,미정,하대원동
32445,고등,1,미정,하대원동
32446,고등,2,미정,하대원동
32447,고등,3,미정,하대원동
32448,고등,1,미정,신촌동
32449,고등,1,미정,신촌동
32450,고등,1,미정,신촌동
32451,고등,1,미정,신촌동
32452,고등,1,미정,신촌동
32453,고등,1,미정,정자1동
32454,고등,2,미정,정자1동
32455,고등,3,미정,정자1동
32456,고등,1,미정,야탑3동
32457,고등,2,미정,야탑3동
32458,고등,1,미정,하대원동
32459,고등,2,미정,하대원동
32460,고등,3,미정,하대원동
32461,고등,3,미정,양지동
32462,고등,2,미정,양지동
32463,고등,1,미정,양지동
32464,고등,3,미정,정자1동
32465,고등,3,미정,정자1동
32466,고등,3,미정,정자1동
32467,고등,3,미정,정자1동
32468,고등,3,미정,정자1동
32469,고등,1,미정,성남동
32470,고등,1,미정,성남동
32471,고등,1,미정,성남동
32472,고등,1,미정,성남동
32473,고등,1,미정,성남동
32474,고등,1,미정,성남동
32475,고등,1,미정,성남동
32476,고등,1,미정,성남동
32477,고등,1,미정,성남동
32478,고등,1,미정,성남동
32479,고등,1,미정,성남동
32480,고등,1,미정,성남동
32481,고등,1,미정,성남동
32482,고등,1,미정,성남동
32483,고등,1,미정,성남동
32484,고등,1,미정,성남동
32485,고등,1,미정,성남동
32486,고등,1,미정,성남동
32487,고등,1,미정,성남동
32488,고등,1,미정,성남동
32489,고등,2,미정,야탑2동
32490,고등,2,미정,판교동
32491,고등,2,미정,판교동
32492,고등,2,미정,경기도
32493,고등,2,미정,판교동
32494,고등,2,미정,판교동
32495,고등,2,미정,판교동
32496,고등,2,미정,분당동
32497,고등,2,미정,야탑3동
32498,고등,2,미정,판교동
32499,고등,2,미정,서현1동
32500,고등,2,미정,서현1동
32501,고등,1,미정,야탑3동
32502,고등,1,미정,야탑3동
32503,고등,1,미정,야탑3동
32504,고등,1,미정,야탑3동
32505,고등,1,미정,야탑3동
32506,고등,1,미정,경기도
32507,고등,1,미정,신촌동
32508,고등,1,미정,신촌동
32509,고등,1,미정,신촌동
32510,고등,2,미정,신촌동
32511,고등,2,미정,신촌동
32512,고등,2,미정,신촌동
32513,고등,3,미정,신촌동
32514,고등,3,미정,신촌동
32515,고등,3,미정,신촌동
32516,고등,1,미정,신촌동
32517,고등,2,미정,신촌동
32518,고등,1,미정,금곡동
32519,고등,1,미정,금곡동
32520,고등,1,미정,금곡동
32521,고등,1,미정,금곡동
32522,고등,1,미정,금곡동
32523,고등,2,미정,금곡동
32524,고등,2,미정,금곡동
32525,고등,2,미정,금곡동
32526,고등,2,미정,금곡동
32527,고등,2,미정,금곡동
32528,고등,1,미정,하대원동
32529,고등,3,미정,하대원동
32530,고등,1,미정,하대원동
32531,고등,2,미정,하대원동
32532,고등,3,미정,하대원동
32533,고등,1,미정,신촌동
32534,고등,1,미정,신촌동
32535,고등,1,미정,신촌동
32536,고등,1,미정,신촌동
32537,고등,1,미정,신촌동
32538,고등,1,미정,정자1동
32539,고등,2,미정,정자1동
32540,고등,3,미정,정자1동
32541,고등,1,미정,야탑3동
32542,고등,2,미정,야탑3동
32543,고등,1,미정,하대원동
32544,고등,2,미정,하대원동
32545,고등,3,미정,하대원동
32546,고등,3,미정,양지동
32547,고등,2,미정,양지동
32548,고등,1,미정,양지동
32549,고등,3,미정,정자1동
32550,고등,3,미정,정자1동
32551,고등,3,미정,정자1동
32552,고등,3,미정,정자1동
32553,고등,3,미정,정자1동
32554,고등,1,미정,성남동
32555,고등,1,미정,성남동
32556,고등,1,미정,성남동
32557,고등,1,미정,성남동
32558,고등,1,미정,성남동
32559,고등,2,미정,야탑2동
32560,고등,2,미정,판교동
32561,고등,2,미정,경기도
32562,고등,2,미정,판교동
32563,고등,2,미정,판교동
32564,고등,2,미정,판교동
32565,고등,2,미정,분당동
32566,고등,2,미정,야탑3동
32567,고등,2,미정,판교동
32568,고등,2,미정,서현1동
32569,고등,1,미정,야탑3동
32570,고등,1,미정,야탑3동
32571,고등,1,미정,야탑3동
32572,고등,1,미정,야탑3동
32573,고등,1,미정,경기도
32574,고등,1,미정,신촌동
32575,고등,1,미정,신촌동
32576,고등,1,미정,신촌동
32577,고등,2,미정,신촌동
32578,고등,2,미정,신촌동
32579,고등,2,미정,신촌동
32580,고등,3,미정,신촌동
32581,고등,3,미정,신촌동
32582,고등,3,미정,신촌동
32583,고등,1,미정,금곡동
32584,고등,1,미정,금곡동
32585,고등,1,미정,금곡동
32586,고등,1,미정,금곡동
32587,고등,1,미정,금곡동
32588,고등,2,미정,금곡동
32589,고등,2,미정,금곡동
32590,고등,2,미정,금곡동
32591,고등,2,미정,금곡동
32592,고등,2,미정,금곡동
32593,고등,1,미정,하대원동
32594,고등,3,미정,하대원동
32595,고등,1,미정,하대원동
32596,고등,2,미정,하대원동
32597,고등,3,미정,하대원동
32598,고등,1,미정,신촌동
32599,고등,1,미정,신촌동
32600,고등,1,미정,신촌동
32601,고등,1,미정,정자1동
32602,고등,2,미정,정자1동
32603,고등,3,미정,정자1동
32604,고등,1,미정,야탑3동
32605,고등,2,미정,야탑3동
32606,고등,3,미정,양지동
32607,고등,2,미정,양지동
32608,고등,1,미정,양지동
32609,고등,3,미정,정자1동
32610,고등,3,미정,정자1동
32611,고등,3,미정,정자1동
32612,고등,3,미정,정자1동
32613,고등,3,미정,정자1동
32614,고등,2,미정,야탑2동
32615,고등,2,미정,판교동
32616,고등,2,미정,경기도
32617,고등,2,미정,판교동
32618,고등,2,미정,판교동
32619,고등,2,미정,판교동
32620,고등,2,미정,분당동
32621,고등,2,미정,야탑3동
32622,고등,2,미정,판교동
32623,고등,2,미정,서현1동
32624,고등,1,미정,야탑3동
32625,고등,1,미정,야탑3동
32626,고등,1,미정,야탑3동
32627,고등,1,미정,경기도
32628,고등,1,미정,신촌동
32629,고등,1,미정,신촌동
32630,고등,1,미정,신촌동
32631,고등,2,미정,신촌동
32632,고등,1,미정,금곡동
32633,고등,1,미정,금곡동
32634,고등,1,미정,금곡동
32635,고등,1,미정,금곡동
32636,고등,1,미정,금곡동
32637,고등,2,미정,금곡동
32638,고등,2,미정,금곡동
32639,고등,2,미정,금곡동
32640,고등,2,미정,금곡동
32641,고등,2,미정,금곡동
32642,고등,1,미정,하대원동
32643,고등,3,미정,하대원동
32644,고등,1,미정,하대원동
32645,고등,2,미정,하대원동
32646,고등,3,미정,하대원동
32647,고등,1,미정,신촌동
32648,고등,1,미정,신촌동
32649,고등,1,미정,신촌동
32650,고등,1,미정,정자1동
32651,고등,2,미정,정자1동
32652,고등,3,미정,정자1동
32653,고등,1,미정,야탑3동
32654,고등,3,미정,양지동
32655,고등,2,미정,양지동
32656,고등,1,미정,양지동
32657,고등,3,미정,정자1동
32658,고등,3,미정,정자1동
32659,고등,3,미정,정자1동
32660,고등,3,미정,정자1동
32661,고등,3,미정,정자1동
32662,고등,2,미정,야탑2동
32663,고등,2,미정,판교동
32664,고등,2,미정,판교동
32665,고등,2,미정,분당동
32666,고등,2,미정,야탑3동
32667,고등,2,미정,판교동
32668,고등,2,미정,서현1동
32669,고등,1,미정,야탑3동
32670,고등,1,미정,야탑3동
32671,고등,1,미정,경기도
32672,고등,1,미정,신촌동
32673,고등,1,미정,신촌동
32674,고등,1,미정,금곡동
32675,고등,1,미정,금곡동
32676,고등,1,미정,금곡동
32677,고등,1,미정,금곡동
32678,고등,1,미정,금곡동
32679,고등,2,미정,금곡동
32680,고등,2,미정,금곡동
32681,고등,2,미정,금곡동
32682,고등,2,미정,금곡동
32683,고등,2,미정,금곡동
32684,고등,1,미정,하대원동
32685,고등,3,미정,하대원동
32686,고등,1,미정,하대원동
32687,고등,2,미정,하대원동
32688,고등,3,미정,하대원동
32689,고등,1,미정,신촌동
32690,고등,1,미정,신촌동
32691,고등,1,미정,신촌동
32692,고등,1,미정,정자1동
32693,고등,2,미정,정자1동
32694,고등,3,미정,정자1동
32695,고등,1,미정,야탑3동
32696,고등,3,미정,양지동
32697,고등,2,미정,양지동
32698,고등,1,미정,양지동
32699,고등,3,미정,정자1동
32700,고등,2,미정,판교동
32701,고등,2,미정,야탑3동
32702,고등,1,미정,경기도
32703,고등,1,미정,금곡동
32704,고등,1,미정,금곡동
32705,고등,1,미정,금곡동
32706,고등,1,미정,금곡동
32707,고등,1,미정,금곡동
32708,고등,2,미정,금곡동
32709,고등,2,미정,금곡동
32710,고등,2,미정,금곡동
32711,고등,2,미정,금곡동
32712,고등,2,미정,금곡동
32713,고등,1,미정,하대원동
32714,고등,3,미정,하대원동
32715,고등,1,미정,하대원동
32716,고등,2,미정,하대원동
32717,고등,3,미정,하대원동
32718,고등,1,미정,정자1동
32719,고등,2,미정,정자1동
32720,고등,3,미정,정자1동
32721,고등,1,미정,야탑3동
32722,고등,2,미정,판교동
32723,고등,2,미정,야탑3동
32724,고등,1,미정,금곡동
32725,고등,1,미정,금곡동
32726,고등,1,미정,금곡동
32727,고등,1,미정,금곡동
32728,고등,1,미정,금곡동
32729,고등,2,미정,금곡동
32730,고등,2,미정,금곡동
32731,고등,2,미정,금곡동
32732,고등,2,미정,금곡동
32733,고등,2,미정,금곡동
32734,고등,1,미정,하대원동
32735,고등,3,미정,하대원동
32736,고등,1,미정,하대원동
32737,고등,2,미정,하대원동
32738,고등,3,미정,하대원동
32739,고등,1,미정,금곡동
32740,고등,1,미정,금곡동
32741,고등,1,미정,금곡동
32742,고등,1,미정,금곡동
32743,고등,1,미정,금곡동
32744,고등,2,미정,금곡동
32745,고등,2,미정,금곡동
32746,고등,2,미정,금곡동
32747,고등,2,미정,금곡동
32748,고등,2,미정,금곡동
32749,고등,1,미정,하대원동
32750,고등,3,미정,하대원동
32751,고등,1,미정,하대원동
32752,고등,2,미정,하대원동
32753,고등,3,미정,하대원동
32754,고등,1,미정,금곡동
32755,고등,1,미정,금곡동
32756,고등,1,미정,금곡동
32757,고등,1,미정,금곡동
32758,고등,1,미정,금곡동
32759,고등,2,미정,금곡동
32760,고등,2,미정,금곡동
32761,고등,2,미정,금곡동
32762,고등,2,미정,금곡동
32763,고등,2,미정,금곡동
32764,고등,1,미정,하대원동
32765,고등,3,미정,하대원동
32766,고등,1,미정,하대원동
32767,고등,2,미정,하대원동
32768,고등,3,미정,하대원동
32769,고등,1,미정,금곡동
32770,고등,1,미정,금곡동
32771,고등,1,미정,금곡동
32772,고등,1,미정,금곡동
32773,고등,1,미정,금곡동
32774,고등,2,미정,금곡동
32775,고등,2,미정,금곡동
32776,고등,2,미정,금곡동
32777,고등,2,미정,금곡동
32778,고등,2,미정,금곡동
32779,고등,1,미정,하대원동
32780,고등,3,미정,하대원동
32781,고등,1,미정,하대원동
32782,고등,2,미정,하대원동
32783,고등,3,미정,하대원동
32784,고등,1,미정,금곡동
32785,고등,1,미정,금곡동
32786,고등,1,미정,금곡동
32787,고등,1,미정,금곡동
32788,고등,1,미정,금곡동
32789,고등,1,미정,하대원동
32790,고등,3,미정,하대원동
32791,고등,1,미정,하대원동
32792,고등,2,미정,하대원동
32793,고등,3,미정,하대원동
32794,고등,1,미정,금곡동
32795,고등,1,미정,금곡동
32796,고등,1,미정,금곡동
32797,고등,1,미정,금곡동
32798,고등,1,미정,금곡동
32799,고등,1,미정,하대원동
32800,고등,3,미정,하대원동
32801,고등,1,미정,하대원동
32802,고등,2,미정,하대원동
32803,고등,3,미정,하대원동
32804,고등,1,미정,하대원동
32805,고등,3,미정,하대원동
32806,고등,1,미정,하대원동
32807,고등,2,미정,하대원동
32808,고등,3,미정,하대원동
